"pool_id","latest_op_cert_counter"
"pool105wx68zqse6v4wyx09nkqhxhmf7e0zj349pclyqsjqch7953j0x","0"
"pool10660wfqfhc6set5a8sq79jkv0nc6x6wf6wgfs0wfjqvqc3sg8g2","0"
"pool106rnmvjt0n27y34py0qytashgm04v4hlqurp3w28z789v8scxat","0"
"pool1076ljkzg2j6xuph5s62wnauvq9h3y2yndsvjm2439ewh64mu2nf","0"
"pool10c40pnzz3e00kuej05xfcs2ptkekhys48q7qc4jjcsysypj46qv","2"
"pool10cpz0zepq23hm6lrk8vgnsdwl772lasq9caaemvw9kh9ktxqygk","2"
"pool10d303wup90j39mmvysf0lhr2xmr3mf38y5vs577nmlq6yy8n666","0"
"pool10gqm62xy7caj6jhhefsl7h59kse3rv2esuh9rvx55eze2n8dlrj","0"
"pool10jf6mmkd564zuad37dwva4sanwwc0cfn4vn6f3crkwtzz060n0f","4"
"pool10rpa4tzxh3az5rp37pc73tt5q0rmu4lk3um40znsxt22z0s4d5l","0"
"pool10sw35nk2mxdk35k64rdg5psutruaaqyhzhwzr77h5t58upuksmc","4"
"pool10u9jtq8xewg3x80fulh7tuucktckfqzm9h38lz3ldp64y57fku0","1"
"pool10zpkwrn985m32537cea8k5cagwyz6x9hpgsj5yd2tlmdx0zdq3r","1"
"pool12dx0cdnha2w2jprmah6d4nmgzavkuls5dprg8gyays4n2pkp07v","3"
"pool12j9ttttrr9hjsqmhen5ryhkwjlyu7mlyr43kwnax4xrpyffuwdx","0"
"pool12kszajncssafvl3kg9qmqxuh0zeg7r66sukwwj6jg4guyw4yaac","3"
"pool12l50qwcfpwj46ggkw5heexjqzndku48j3dg8zkext07rkrc4kz8","3"
"pool12l8602apyt7a52l0746te57y4wtl9rv0pxjvsg6w5p7vk2pcwk2","1"
"pool12q7fskmv767qv8yn7mvcxj5azam9cdg0lpm3cajjqr2rqxc7y6a","13"
"pool12rkpkqaf0w67v7uslg7x9esk8037yt8maawgj36du6kzqtw80ev","1"
"pool12w39xy6d6kzy7lrzl3y3n06h2fv4mjvpl7ruy6ckc35vgx8j2pm","6"
"pool12w5aspv3uhps8ms4qfhj6ku9evkvuxmgf4h8l0e6ujmcut7r2er","1"
"pool12yrhvezsrqxlafahf02ka28a4a3qxgcgkylku4vqjg385jh60wa","1"
"pool133qyxgzcvyzey8zz36axhj7muacq25xh0jestrp6a5fygafaccf","4"
"pool1397kpa7ylzg4lqrmj3xr28xzq2548c8lafw90qyxvucsslap03v","11"
"pool13kpqqdw3ct5magnvwrsfapttyzqjqcfqgs86e2zeewt06ts7fhq","0"
"pool13lzz4pef8d5rxx4xtl7rsm4e3vh4jy8lt75zj00vr9kzu3c0u4h","0"
"pool13nax94w7d5wjamh6jvr5plsw5dyx9w2rrqaaelp26v0mukyxmmn","0"
"pool13rh3005usjnr7ks76llpn07p0z4dxnxzp8aj33lnncaawfp9vn6","1"
"pool13twr5n4j3tjc3aud6hp5zagrmvu8edh98u6ghmcm47m8v37yvym","0"
"pool13vuxg9gw3fftvfg56xwl5rq82nqtjhhkeacxtg0jgqlfup9qz66","0"
"pool13wvt63csdlvpkw636xu7kjk4jr47xdfhqxhusewhg0zmx0us49v","2"
"pool13ymesv09gufed7nxgsclusglzzrkz03gzdd05s5ns8t0cvxjunv","0"
"pool1407hpuvtp9ww8s5mt53ear7062j463mvwhnypurlcask7djg3ae","5"
"pool140axp85wjr7qhwtf5y9utlht6eq42n4sl8wjh6fmlu02gel0aqg","4"
"pool144e8kjelqe643frs9yqz0m3u28zdhngeyqrygnmkny3z2qnpzeq","3"
"pool148wsj3l69pwkev4t7sa3n2zj6ur44z73hh6des7a69a6wv9872f","1"
"pool14cwzrv0mtr68kp44t9fn5wplk9ku20g6rv98sxggd3azg60qukm","6"
"pool14fdr8cpz0qpgzkrucu2q7hst2pa3u5ssfej7kuepdq4v7lkyxg3","17"
"pool14flm6x9meh04fdr5s6f4253z3cru0r60d5f9u6shdnch7mu0s73","0"
"pool14gzp9699juxeku56qc5dsk00vv9kngrz4art5v04fh77wmd37hq","2"
"pool14lfkzjvlp2prlwt0ykxceemhdd4ej9rc0em4xt4cnpvt2fmtg9v","0"
"pool14lv8dtwxc0swyhkypzut2u9yvzaqh8k285q08yajwug0qllt7u3","0"
"pool14pz6gqphgstrr6uht2ssppxzu8zzusagdv0j0auvxdufgjp9mns","4"
"pool14rn9dq87dgj2z8g3lp4n0a78fewxff3gkgjkmz72ew44ym79xpp","352"
"pool14u22dyym8k2g2twvgct86njg3m9cc7j2fc74yamy6672s6up7a0","14"
"pool14vry98g9a8qwrypemwacp505ks2vgutl6knrlk6sqf4mxa8wg4t","1"
"pool14wlharqvma06w8raj9mxmflgdv7qajz76u3etvxtgqs86swg557","2"
"pool152x6q0ly050yr7cnatwq0087jzwyxxlkyuch6s4xex8ljaeu0ng","3"
"pool1557xee4adya6shxxagtyvtvry2kh45je9msm9mlrahpg2f5xugp","1"
"pool1580a362kwnqt7v2lgun5t02u0r7dyl70x9nsy37zj46xkq8mp22","0"
"pool15e04rzx0lu7hryn68l5n8n6nd9yum4rn48j64kupadc4qalulgk","1"
"pool15ecfwjfqcc35gvpqrmut0g5hr7e0u794ywkxg5tk8rl2q4zqu9j","3"
"pool15jqsjphnxg7hcx2rvd0ryhg5xwshg7xktthj3zf70nmxx9ffjet","8"
"pool15l4q8mvmqmx8xq2grc6wfpg7rdhezzp05eg3qgryyrt26e2gj9r","0"
"pool15lkuuw769tqheurzyqlj9l5nue3te5jp35udhjtvg2yyjzxnye7","0"
"pool15r46gslrnhpe7ekvecfl895sm2pzhsxa8dhwh9ymgf06st3l86e","1"
"pool15rneqfpzde87huszzstymzxu6f5u2jqelsaczr99e3z62dywau7","0"
"pool15utdld0crxxkahj0kp96wskjegsyhuf044yk9vzjk9mesfamy68","2"
"pool15xenasaza8h2vzep2wpz048cxxf4h72qdwujhs2vvaasgaq55wk","0"
"pool165jz2lwmum5w8jkgzak48z0hjvkjwetev3g93v2x90ucgtcncw6","0"
"pool16dmmg5rt30h02svlkmvmvq7y2mfptf72646lsq5hyshdg008eet","1"
"pool16e3m59evvjmxsnyu2xqf5ns4zgcdc9m4fpm29avrc5y6qdnhzs6","0"
"pool16h8ugt8k0a4kxa5g6x062zjrgfjc7cehpw0ze8374axlul76932","4"
"pool16hphjcfga9jhk5j3rsgmys83kza983utn3zv9jwhjgpe2ah4j8x","9"
"pool16nf6e02gn5xee0g8ch4e33ch2yc87rastg6gjh3k4gmvsynhtep","1"
"pool16nqpka3rzeumeq40amf9w3mezl4mtqkyqk5myy9cfpmfugmjj2s","0"
"pool16sjj3ykqznw2pd2m2ug00k0fujtqsmq4amfeeewqzvk7622xetd","8"
"pool16u5m0skk4uzpzk90fmf40hpqf2zlgkkax05pqv776g6kkzlayce","2"
"pool16y556gh885fw5nky8f8qmfwjeer7l8d2wjr8cl7f5vd8x7zgh0d","0"
"pool16z5ej7zasdtuljm8r0s5k8pszdm8r7argy7aq0v4czv05kyez76","30"
"pool178q9xf62yr0rkkgrx6lxwk7h0md4ms3jamc8j206q0r5xr3qc8l","1"
"pool179ekyc5t6q3r9cgjrg9p7fcmzvchg0fvk4edlx7wfhamk6d77jt","0"
"pool17mjyyv0lwc4gzta38l7exhg0yc5fh6n94rfk89qt3wnp63n9a3w","6"
"pool17navl486tuwjg4t95vwtlqslx9225x5lguwuy6ahc58x5dnm9ma","7"
"pool17njlrn0jgdw626utskz0zmrnduz9ra8d3al6aw5hvszxkx88q2r","1"
"pool17wdfwsyksx7femcxzx7ycf84maqvdf3fmr7z92h2xguy7eanvdf","14"
"pool184z675kh64r2eukvkmuf0jfrq8kr8vkvx5h7z92cjwuz2e56yps","1"
"pool186vjd495t73gda7k5skawcxkv27enw9ltdk3gevu94s66d4k3lj","0"
"pool18800lgwlelse96swl6e7n0xes7qeqcnlkkgweq0njrxk66zlj9a","3"
"pool188a03x468k4t908x265knzc29sz7v7wqlvmqaehrk34vkll3e2h","3"
"pool18ccrdt0hyj6vd9qwzfwttp2dsq0yqxk03h8nvswecr8yctuynt3","0"
"pool18cq0sr4ryw4t63hvgmdp00z7f8h3hgxef0gjldsgk6j75ajza6y","12"
"pool18cuytytnuv80xud9zp72xs6tq2u0deafuwzprshl6w6ykgp847w","0"
"pool18h29r8ndyj50q69a5ehxl4wlgm00snh29j0x5rdpgxfc7n8r4qw","1"
"pool18hwjam5x249ay9n0tzcxs3elwdr5xkrxplk64kfnwyhhz7a6u40","0"
"pool18krc6m5vmyrqy76t3eukxrrawerce4klm3s9wsdkagsss9mrcj5","0"
"pool18pn6p9ef58u4ga3wagp44qhzm8f6zncl57g6qgh0pk3yytwz54h","10"
"pool18r62tz408lkgfu6pq5svwzkh2vslkeg6mf72qf3h8njgvzhx9ce","4"
"pool18r83yx884z3jqkccp9rxwhmd6jn6ejdqp95xr3j07slp6est6wp","0"
"pool18ttg8kwe7w858sdk8rcw08cujytn6vjvpsc9t9c64n6h27wza2u","0"
"pool18ut2jlv66s0dh70pp4za2pu42dg57jynflkj9fexamcfqcsmc5q","0"
"pool18w3u3uv547fzwmwrc5zzefmxc3e5cqcwulhpeuzt0tz45e5yalg","4"
"pool18x0rtv0vznym7cczsunqcfs5atrve4dfcavfmpe7wkg8ga4urve","8"
"pool18x5zg95n59xvysu3rq7ygqn6f842ud29dlcc5jmw97xkv2renhy","2"
"pool18xr0tmqrqffd7yu5jh4pq7hs4eezkremxmgzkq8ua4y82dmmrxp","11"
"pool190ce9qhpzwzveasvngas7kmwqrn54mfvhk9unqmuesykvtadu8l","3"
"pool192ghhk5uh66m4jy4kw34xxayk0d9aknr9g0dy9aqg5ek6zuxfeq","2"
"pool192hf4d49k39ghvr8w6kxengryzdh22dm8rrmeq8xqjs4uc97785","0"
"pool196gdey0m7fqjsm07f0pylhcdc4jjs9zpd4c9t34e6kstvd5st9g","0"
"pool198jfkrkjf5nk9jxs2nwqh0dpswnw7f8vgea7k07dup5wyr0dtwc","0"
"pool19f8h0rh7jgxgchy92a2mm9qg9awy5lalqdxct5e23n8vz94743r","0"
"pool19jv9qm8p98mmyveel59kg89tj2tycqqs8mn2ddlq94xh7kxvz0h","1"
"pool19n37a9ar5rpedag2zk6fdmkrtnflakyw6lcv6v8cdmxewr4tvyk","0"
"pool19ta77tu28f3y7m6yjgnqlcs98ak6a0vvtlcn7mc52azpwr4l2xt","1"
"pool19wrj23gqupswxefaks40xncv69ca83mqck2e9gxwncza6vl8h47","1"
"pool19x5z6h63kq9tvwt9yz8emdf3fry06pnm6lu8lcuqpf9dunqwng8","9"
"pool19zfyfkrfueu8gtqm8mq72fts7z5pte54v0upej5kh905v7q3xya","5"
"pool1a6ug5gelydu29djkuvxl869257e7v4d3zwqwt69ygu7dcfts59j","6"
"pool1a7g2k7tnw3ydamuas9de4sf4rw4ydle37aujssxvptsujr66ezd","0"
"pool1a7h89sr6ymj9g2a9tm6e6dddghl64tp39pj78f6cah5ewgd4px0","11"
"pool1ad2pw6ch9rpktqt4yfr5qlgt4z87g4v2lky067khwfe9khq246w","0"
"pool1ag29qua3amyl7fszngeqxnrxpamu6rychrxjjuju5e0tskdpwka","10"
"pool1akeeawev3tha9ywg8qqu2yrhcagt94egyw54t6dnt2tgwxa2j3r","0"
"pool1alaz72lzlude9flwewegv530za5pl0uuakxa02kdyddv67wpkwj","0"
"pool1auvzjmzm08797983787rcf7y4rh4cd9t3dln4jsktlteupy5fdx","2"
"pool1aw4ylpwdt6dll08jzkqtpa00rvxpqj8k04g6kdyumwk9cyrqpk8","3"
"pool1ayc7a29ray6yv4hn7ge72hpjafg9vvpmtscnq9v8r0zh7azas9c","5"
"pool1c6d50c0jc2r6mlt2gntnl4kec2hcc02z233dwf3ycskcwk4506k","2"
"pool1cnd4v7sfev4fj0q0uzs0fr0g4gz8wspqek3zwyusd5cwupe26sp","1"
"pool1cv9fr477zeznqrk8uxa5hh72tsjukkuqtnet7wgyxx3rq700kl5","11"
"pool1cvlvcz37426xs376znffl8l4ameyh6r8grx0w23rf4w7katnwq4","1"
"pool1cwsvslzd5y2rp9qt6ne6hhrwdxuweupdfy243erke3euytp7j5m","0"
"pool1d4nsv4wa0h3cvdkzuj7trx9d3gz93cj4hkslhekhq0wmcdpwmps","10"
"pool1da3p2l74sr347ln6gpmmkkqnnupfxhfh2d7fuur2g7twvddm5ua","4"
"pool1damnajda3jh3tch3zcpk9f5pajuyeud820n0q7qesxyyx62cel2","2"
"pool1de0f0sv3hfyjrr5x6yxlrfyw3el7d588w2fuqjg65cr8gevdvpz","3"
"pool1dlz46vsjqyxc5xwyy36z3xkvpwz2fls3mtdset8m0rvwx5q6scj","3"
"pool1drrylt73ln8jcv0sthcenlkhuan2lfyhthkrrv3vhs9vv4eywdy","12"
"pool1dz3s7u4cywhxhflr2gna4h4slm33yf4nehdchguqu3htx2yusq7","0"
"pool1e29pmzuc4crr7ef4j2njqkteu6a565aamfzw37r4e5ua7ptgmfw","0"
"pool1e5c3f4sqm00mha4wfxu9qgzu43tammdq560an0u3076qytn766x","0"
"pool1e8sfzuvrpqm9t42e4tekfeygs9pk8uwja0qewxxpeyxwg5hvvcn","3"
"pool1e9xjhqphqap08w3paqy5ne2au48a845q2442ee9vx6l3x6r86s0","2"
"pool1ecc3gej4jsaskjfq6phxkcklx8l0qtvalyzeefp9shmvj86hchr","0"
"pool1eh39zxmk8z4hxndc2dx6awu6yfpufmckjnyzlpdcsfd7jf2qxtm","0"
"pool1ekezegcepqmhwppzdj7mm5cm26uz6kzmf4l9r8s3lx4kw6y2veh","0"
"pool1elet8uart9cuw3lmntqhfn2f44rf52dg6v5ppzkcysxx268s43n","7"
"pool1eqpy8u3f3lry4xg06ejjwp578mcg3vtsc53rrdw6tkcxszjstgs","3"
"pool1erajsxw8ejry8flz6gwsd885dmx9uv6k9wd8dl5vme7cxrzv9hl","0"
"pool1erufgazt3scqvjvsqv7ehayfscj93llzu3e6lknh2m6d5xcfjdr","5"
"pool1et0z8df6yy5fj7hnfht5mswg6dcvf58ndmy0aq0a98j22ulksx6","0"
"pool1eulsednqn560rfyqj8hvpgsnl467kj2praxwnj5kcqd2u9yktry","0"
"pool1ewed82f7tdluggkj2qsrajyjakzqewj3e37p25cddurtwejl6tz","2"
"pool1ewxvkzqnvfzaf48092n4t2crdventhxhtmpvydxnsnj322qc47c","12"
"pool1ez9khv2gx82mqrnj0qenr47dy8grecm8qkkrtnn69wzzwkvc9l6","0"
"pool1ezyvke5rcln0vs5zt6jq5vd804tp2w503v4v48hj06s4q0ard4s","0"
"pool1f5w4qf3csrra9sy257208mg9cdnyyxpr7nzzffwr7tycvqlxw3l","0"
"pool1f7g9lkc5cyp7nymg2crwputu9mrahxd25tcg4yf2khdsvjuax4e","1"
"pool1f7geezz3s4jlcej03v62wm75wvunu2dzwk4qa6fvkjl9j23yp03","0"
"pool1fe4r2pfq9zcpjrnans6l3zdgsgf6m6amrd32vpg0yuckcd0tr09","2"
"pool1fsxwamyfh5aqwg707m69zpfvwyrj5fz5ep7a8yk92wnavck4pdf","0"
"pool1fvmzpfjatfgg0jx5l56ttuprc8g9p42782rdg4e8a9cwvplk9th","2"
"pool1fvz7gam6gzjxczs0hvlhak4j9ctfvnkcjtmp0rnw6dlf738gchl","1"
"pool1fw7yf4mehfuszpdf2g0u72gu8d948qamwut5c6jm3d3lkj3e4an","17"
"pool1fw9mq9eyrp5yydl3njau2568jal62rx5f8anp2llt0e5s3pl3py","55"
"pool1fwrv7nzg6uzgr25wvqmls5qw4n55xaauy8e4cer5w9wr2pqrcrx","5"
"pool1fyx3cmq58rgzz7ljwk46r20325ry0lsdz9mz2dr8tzdyuy8y9ue","2"
"pool1g7xjmrz89lln42zu5ms96hyadaxl9mlps6c0g9lmxp48uhzzyz3","0"
"pool1g8fv53alnqmue33hfsw9y5ezj0ghw5lzn3vksev23wz7vz22qy5","1"
"pool1ghxsz57l4rhsju328dk0t8j3ycmz80xtf8w8xzpkk7pfwtca9u9","8"
"pool1grvqd4eu354qervmr62uew0nsrjqedx5kglldeqr4c29vv59rku","4"
"pool1gslhruyd8pk4f6am9zjjzgwuvetge6tztswwfrjqpnvdsex3455","12"
"pool1gxmk0avmgm3f692xhnlpv9g0ke5a54sz6pl4mr92ejacy9k8dn9","1"
"pool1h2wx7wnf079jfz6vyzs9jnjczme2nlufryyw68e2fhe2x0swk3e","0"
"pool1h2zx4gg3fqgh5h4vj5w28jxru763n0gz0plwhz0fxx6dkmtaa34","0"
"pool1h6dxtdzec6tf24efsklpye0lkga4vwerx4kzj0jd4q7vygee85a","7"
"pool1h7c2jq3pmvn3f8jht4ulhgha3h60k6syu3rw6pmkfrhqs9j7m0l","3"
"pool1h7quxt2t35z48pp3wsceqssmtc8uywzvvpwzmha74w7458y4hpy","5"
"pool1h8q6yfena5rdjewyndawfzm25etlkpcpka9kcz70nyacu0zeus6","2"
"pool1hauqt0q7ftsl4ar8zxzqnlmnuf9xcwz2wkqrsm508rwvqjl3qj7","2"
"pool1hlgaznlja8jau6wg3u4curvs7ng6yhxaxa2urp7qylxkc2e4pjk","0"
"pool1hs2ah9q0kjy8rx7rf7qdavhmxznnesfctlu8lkqzukfdsp9kfcp","4"
"pool1htdmnme5s6d824trqq33czlm82f473w04h4xghprzaj3cff53mp","7"
"pool1hwuvta2prky7fjhaqd9ngm2zvgj5jajsj6aqnlz9cewa2z4n92v","0"
"pool1j3x329u0uxh9s9vjvsad9kx37tzal8gndz6ttxumcz4nw947djw","13"
"pool1j482c2kwsac4vhmzuyg800dky3ax32mgv5xj0xln864nxdn5p3n","0"
"pool1ja5uhsx8cmda7x6sqyzrggj07qtncx22lxef398u3ayusfex629","2"
"pool1jc5trlvx8rstzgzfunmxdqmfrnn93ksdfnea9037t0f0z878kz3","0"
"pool1jd4j6fzflqlyvphmes79cfhlyxy2nszr05s7zq9d4hs0ynyjkne","0"
"pool1jm5y2j4nkcpkmzhx6vm7ejlw804m0a0zzzh392t6xlrky776c7t","0"
"pool1jnakc0ghqgu0x3ayg3yyut7hmm3f46g8ssrh4hkeaqz7vtylv84","1"
"pool1jsa3rv0dqtkv2dv2rcx349yfx6rxqyvrnvdye4ps3wxyws6q95m","1"
"pool1jucsz4n7vl7q9w4cktuuhc4e9xt85du580vgju5vwz6wgpt9hd7","0"
"pool1jvayd8rkryaf0rwfkjqkl8prchk7nnylr5j47lfufc4rqsnz9j3","0"
"pool1jwkydny96m0huqg33h5nrs0gvydur3nc2k86ty4fp5zacm6hsa4","0"
"pool1jx2uun9v45gtnlkq83xj6w4chy8rl5g78qqd026e0w89wt4vq9s","14"
"pool1k089yjuf99nr9gr4smq5xkxe3w8yh3c5sff6sa5qvdq5cndut3y","0"
"pool1k3jnk3rnscnvt6u8p7a24ye0dy8f39xuccmchnsw3pzzwq453hp","1"
"pool1k4rdvvuhy7h927psyew9syupwddy77t4j8lc74hpgzpvv7yklwg","12"
"pool1k65e9uw2j7uk8hu6yxrt6mzmf9sgfyuw0ru8c659d7f7w8gfy03","1"
"pool1kfzv75la3rfgrh3uly7dt5syqxf0r2n2khr7s6ylhjmnkkdfwye","2"
"pool1kgyazdg4n0vvdkznuud3ktm0wmwvd2gr932k6mt346d2u4l9tt2","0"
"pool1kjamrv3sn6u0d2c9fmp32sk3aurlsh728nw8zk3ujaj0wtmzu6k","1"
"pool1kkhr6m0syfgqamr3klzhj2trjd3q4vyg8trzdjxdp64nqzshwea","0"
"pool1kmev7k72844flwjykz80zgax2c9anmzshzu83ak2typmqlgvfmy","0"
"pool1knap9hldvhww0fjqew26sxkfjpj3c8tp8uuj7j3729lzqn9x70r","9"
"pool1krjtqew2jg203nvnec39vt77leqyfsc8e42u4ywx534t62h9fth","10"
"pool1kymeqftpv3745mfaddwvva9n7clgl6jz0te2q0yky8lnxkp075a","0"
"pool1l0tns0dms3ehmf705qfa7hxlugjvnajw6rxlw50ra90lgvujgc9","6"
"pool1l24t08epfysnvpeapyxd36qe7lxns7gny56f4xau4v3gc6cfhwd","3"
"pool1l5u4zh84na80xr56d342d32rsdw62qycwaw97hy9wwsc6axdwla","7"
"pool1l9u9ss9xtww8qkt4zqda84z945f6tgq4753jqhtdr4r8yaw7d6g","3"
"pool1lcmxetcpu9j6uzpzxwn094349teufpedwk457js2d5w6k45hjc7","1"
"pool1leml52hm4fcp3hhe4zye08qz27llhj7d339p3gs0tl85cstx59q","10"
"pool1lfg63ym640f5kuhvpg2hj55psfnsesjzg5fv98rutjcx5r60wxm","0"
"pool1lj8n4e8pf3p6f0rnrsw69zvdnqq7q2j97znhp2h2gfr4x4fv2aq","1"
"pool1lsfkwuxjmzpeze3k86y282zwpcfkfhzznqraftx754r3xhu8qq3","0"
"pool1ltyxtkh37lfuh73ayulf8jdd742kmrqvx8rvt44r65c7q96xh08","1"
"pool1m5jwt72vxxanatdyrmt6pncpufg8ahc9cpd4xv4fv9rxsxxjxxn","0"
"pool1mc6h7qusu3fj4dtxhfw6y4ztp7fje2xze0khkv6tz8zcs99wsne","0"
"pool1mejhe7g48st7qjxlcy6ehd26cu5cfj6kg4l4m4ceee0uvrgua9s","0"
"pool1mfc42za8tj74zc66ez3slwtq4mumdl7yrylaxajd5xugujmhd0c","8"
"pool1mmqudp00tew0vvdwpftvxlt3asmx7udyxnhyyjy2xa4qv6zkp6n","0"
"pool1mtr3a3kcldd3yppkgxgewrtl5d5adu3zlzvl5988qu3rglwej0x","0"
"pool1mykwc7325c2wrur785z22wj6c0fust2ttf6pvt5rh6rtjf2pemg","0"
"pool1myvqymdmf9f26746d6uvfk34hqr7lq998n43xprgz4c27tpa6rd","3"
"pool1n42yg74c8jvevqurqf992ae9sy0cgt0gxs43wwc0eq07yncuaak","0"
"pool1n6tcrkjjn7dr70e4vjmtayswl2rne947fue7w2htthaq6men4yp","2"
"pool1n935yzlmu7528fx4qjf2gak0cdv2nune9cku730zg7vh707rnnd","7"
"pool1n9k208rvpadxq406hf85tav2frl4vfamf4mmcxchnk5uyq5cahl","0"
"pool1nhhew0xph9fafrwttevy49h42sfl8r87tq2jqtvmp6a5vr4dtce","1"
"pool1nhkfauluxw5xlwjz96arvfjtl4c92x2wxas6jvh8rr2s560d9vy","0"
"pool1nk3uj4fdd6d42tx26y537xaejd76u6xyrn0ql8sr4r9tullk84y","1"
"pool1nr79hdmx2skysyygdd4w8u08a4mxeuajzyhw4vkjkrkx23vh47t","2"
"pool1p0mrcmu9qn0x6nk4eunj0p8qy3tryv370a96u9su2l6jwkytnru","6"
"pool1p4kh4yt0vwh6yexf9ae36qfwnch7vqa7l77akh94pv4u6rq7tuk","0"
"pool1p73yrd7vzwkkjd2rff4g683smhlm3jkg45f2hwm79cke6uxxwq9","5"
"pool1p835jxsj8py5n34lrgk6fvpgpxxvh585qm8dzvp7ups37vdet5a","8"
"pool1p90428kec03mjdya3k4gv5d20w7lmed7ca0snknef5j977l3y8l","2"
"pool1p9mdcwgs26lz8ply9gwuhghe59rzjfxl50z9dqsagrge6nccgks","0"
"pool1p9xu88dzmpp5l8wmjd6f5xfs9z89mky6up86ty2wz4aavmm8f3m","11"
"pool1pn9sffcqqzkx70m0gujks4h3wf8p4y706t2f0cjcyreekg83wtf","10"
"pool1pt39c4va0aljcgn4jqru0jhtws9q5wj8u0xnajtkgk9g7lxlk2t","6"
"pool1pu2g8wxrm9gqxun5v6w9hpykdwc9e43ttmwrweaxt3z4uhps5re","2"
"pool1pw345epmct6cuummleuu5hc7qq2h96zawvf0e9062uw7gnjz9ej","2"
"pool1px2xtm4rhlm5nevdqr5mtks4nj637cmwn8reu64zjw4sgddaqsh","1"
"pool1q4h9ed20wv8549dw5yvr3xw5ll5fg0v72s998nyjs6uc6dark6l","0"
"pool1q65ag8panwayzaqfs6je7jz2ywt8x2032yaunq5hf25t7t8c26e","7"
"pool1q9caq55mprtqvdvvw8lpg248q7pv5zxjlygzj9z29czv72x6hr8","3"
"pool1q9d5hcn3fq28x09hmh58wvc6tvmhvt36vwnctuwnupqywrt2z8g","0"
"pool1qaha64lmtev7c29jz7uctf3mqh9k029ncy86xkr6dx8ngdqzczt","2"
"pool1qal80uhlj949mgv0ecvdkmgqjdn5q27wmpaj4crnr5e9v6qmsv7","11"
"pool1qetlcjemzzr7wu46vrht0catltrq9vvs7dhstye4kz8ljppdnux","2"
"pool1qkfc374x2x7nt9kg3y5pnjywq2n6stj8480es55xjqjkv7kyrjk","4"
"pool1qkp39wu8ncedqrenecl78399xl0s88sygn679dtcsgrdvpyekk7","1"
"pool1qncwwllw9nwtu7sl7zqw3fpyh4t3q6nhludryfwv0jyqjygd46d","9"
"pool1qs8pqvhzmks5njvle8297p4qg477662ce4djls4f2t4xucc087u","3"
"pool1quj6h36jzh6lhzvvrr86guytmktl7taemkw969drce70zt05gnf","0"
"pool1qxcz3zxnye8g9ejsqslhl0ljevdx895uc80lr89ulf92gcv40ng","0"
"pool1r77xy92zxh8d9gmvm76ph3hu73kee7cwxq7czjv048jrjnkjw20","2"
"pool1r8t2047f3hj4c070rjns323s5dgyzyrxd2a06v6hkuh7zx7cqp7","7"
"pool1regxnl97rlp8ssjm7dwzy204jsptdx9une4s5dympm9r7pf950f","1"
"pool1rf0xxt0xpq0vwyq5jeqn8t9wags7k0mq8vlt0dygkc7rvc85uhn","1"
"pool1rk2y9gx6vll8lawzdqlky5p2a3ypzsxg07arg8gmhkjj2905035","11"
"pool1rluuf5jj3tnhdcmtcueqzhdhamwp8usw64ssqq0wknm82sup5ll","0"
"pool1rwwmnhgsnyzhzpg89lgq4k6uc38qadsdnet9l2xgv34hsjxzj2d","12"
"pool1rzgvf9rytug9p3hz6a9q8zeu3mp6trl70qdyw0g9c7ywzy984yr","4"
"pool1s337lucxxrhl8tz8c3r6c4crk784xtga225w3uh2tm0w2kqf0l9","10"
"pool1s9ml905vxukcmqjxhmtxd4az73e65x4nj7fpqrukxvp85t974kz","0"
"pool1sfcm46jmpw7vm8yxyva0hw23psvk0ydyggc9jwsakwg3gfgga6e","0"
"pool1sgt8r827v3z2d6arsell3eqxdr4z9fdsc2es77a5pt086g0amva","1"
"pool1sh0xp7w8gg2rn8s92wnzkequt08f5gygjjl6ml96v7qvkxjj3ln","1"
"pool1sj3gnahsms73uxxu43rgwczdw596en7dtsfcqf6297vzgcedquv","0"
"pool1sk8n2v844jgpwzvpd4eze374pfvygzcrqlld2mfzx484yrtq74l","0"
"pool1sklxmy4hfkr5lwagqh4qxa57lugrsncnzzj3qx7wcqyez56my7z","0"
"pool1smasvsd7gca9u8v083dedaczace004mftl66th5dasjvk5fec9e","0"
"pool1sn8tmdndldfqzazdc5y79vyumc99pn6sepjjmn6j7sk0ua5uzfp","0"
"pool1sp5htrq9ggc5jsv2m8tflww6c0exe8347k24jpsed9k8wnmrunj","1"
"pool1sqva3m6zhvwf9kmuek7gsayxyknzv68ltgqqpeptmdgrqp2lmkf","3"
"pool1srdhn8v6ly36vdvvzthjkv6jjp7wqnzated6unxujrmzkqn40hm","1"
"pool1ssvpmsymcz8nd6tu3wgdhy93ajw0yrdauh9gp3djxvda5g6nqma","0"
"pool1st4wqkxs3ygl5kgeqyly80hujkjgs945xtv45tv4heavqx8zpq5","1"
"pool1svtqyvd3n6904yu5728utsqmxpm2pccz30zzrsnyedlh26l5sqd","0"
"pool1t3pl903zsy3wqgl4392hmuwx8a3f259f3yzhl2ns4xlhskxkr43","4"
"pool1tawmpq36w4eh4qcwqfptnua8stt4vgq9s2ujvx49z3xysehet8x","3"
"pool1tfgdvuc8p8zrmyhxc2g82denxkrxuy9dx5qwzp9lx85xgjedvdg","10"
"pool1thfesju64xgehlvppk8swsfkg5a3ywdhzk7gzuc5p8clkgzcstr","1"
"pool1tmhw3wga9qdvz5enyxkhm7h9j4u7lp60y9lvvsdv3323wa447y6","1"
"pool1tr86xlppas453cyyhxfr502dde69p9f63x6grc0f0vfess92rd3","4"
"pool1txg39f9mdatrvv3mp7nwfj07he3cqe0y4cach06e2z6ykmysytj","0"
"pool1u2pl6kx4yc77lnyapnveykkpnj07fmc7pd66fa40fvx3khw7cua","1"
"pool1uh5sc3v77el8egy6rgz59mdgv0097j7nx3usrrkagvmsy6074k0","3"
"pool1uh5xdjv70q5eyl5z644p23mvhd3dx0gwr8pjnlj9pwd3jgkvd0e","0"
"pool1uhemwmtrnkrze2uav4nawnafep2tyztnht2ntm4tslns5mmgtcf","0"
"pool1uqhf6uva4z4ut4dj0c0kjmm8z3u07zhy5cn4evaaf4epvpeve02","2"
"pool1uqmdrhc3sar3wtnca2r9qetvuntdfp4k7jm0wcr9m9uq6k2pqqt","4"
"pool1uqthfy3jsrd82q067vu8ml8g0w3xr20qp8kv7z0yzrdhqrawkm2","1"
"pool1uwg3umm0ywv369ykw663ll49gk7z2grnfnwvzlzh55ee53ggmmv","0"
"pool1v086duadhu0yqea6tpztqx9se3k9ds6v2cqgzzlrxkwjkh3a0nt","3"
"pool1v4sf695rrtqmhgjx6z3498zxle5vhx3v0f0gz0k6nhtqs0e2tg3","4"
"pool1v9qdw8mre496g8z5rwdh54zw07xdw8rclg0u9ltv3yxlsev35cy","2"
"pool1ve8rmf2cvr5qa5aaxk73c4tc72wvqmlnjf99yxrywug2gs5xx5a","6"
"pool1vevw38yxlyaxke29d40ace7jzz7d38qtcmd5kk36chf3shh02ek","4"
"pool1vezalga3ge0mt0xf4txz66ctufk6nrmemhhpshwkhedk5jf0stw","8"
"pool1vhdl0z496gxlkfpdzxhk80t4363puea6awp6hd0w0qwnw75auae","8"
"pool1vj397hhv354l0kwdf2ujfy4wlztce64rj4htyufvx8n05sgqaa9","3"
"pool1vk298v6jxyxl3yjs8trvr5mgsch20hqz3mdafzjqj4asspwkr92","1"
"pool1vlsk9w6pdytrhsy29t539tvnr9kfl6ctqvh38tdlqpl82fwhhuf","2"
"pool1vurgy6s6u7yq36shf9yspesh3rrnd36km8xkghpcr4smgfz278m","9"
"pool1vyraaelp2qhk8sephrwxa7yqwrf0twusxr4jnkltfnh6cvumdl5","1"
"pool1vzqtn3mtfvvuy8ghksy34gs9g97tszj5f8mr3sn7asy5vk577ec","12"
"pool1w3la2xrlzr2fjgh43h3t53p3jfkprt224h4kaamr42s0grn034m","2"
"pool1w757a30j8cd6nlf5dn9q52lm5ee0fn5permvtlr7mycucpkn6c5","1"
"pool1w83ux7vrwafrsuz044knxl9xxtr38q5jj2l3p28fl3g26faqqwg","9"
"pool1w9x09ljwrlczpyne8tgllpx90wkadxmkmt5lqee63hgr2q5waj6","0"
"pool1wev538lf3c7yylrjt2uyzsvkdszttx54jqwglmhte8v2q27d7tu","0"
"pool1wjz475nwhq3fnhfvrjesf4pw70k27fnc5mzvsrzqlxfhy60rmu3","12"
"pool1wl3805srcfx38mmtc6sz3h0qaadee86pt0wteywaawuezc5pc9y","0"
"pool1wluhmx9pe67vhgxz9x46ffym3kymq2gqvshmycz8smwpclttqz5","2"
"pool1wm5eejqrxs5vp02kwmk52jamjmrj87w9sfs49grhznqeg6fu903","0"
"pool1wslst0mykffwyr8wcme3vcwwzx0sq9gaj3ta7mr4zm2vkaktkut","0"
"pool1wwh3k3ldzujdvgxllfwlnnkxyheafkacqlufnvpr77n5q72f9hw","11"
"pool1wx2daxr2qgh4yhf9mn4se8kyadj4cnyad6zkt7eyufhwvz2ycyh","4"
"pool1x4cgq8y0fatm24qctmjaqrs86ll80lkyr8872w6ffmmg758l37v","3"
"pool1x9xkvkrfw6htmnflpad0z2aqsxx50f5mwkyzpylw0tlsk9z5uff","1"
"pool1xe7ey753aw0v79tysaumamkgcugpw9txahxwrrltqjpx25adrkr","10"
"pool1xf7s8wnmg9vsn0k2xd8qy37wg82907j00zphglhdwdjwgdq25wr","2"
"pool1xg80gqxp89sllgk6xs6ajwjxkjntwjc2wzc9mjsnzchkgm4z2se","6"
"pool1xgmqwh23yc2jp52k7jn249x56v6nyhl9nhxaeg6hq8tmc5t78rq","7"
"pool1xm8ahr37qye4wxerjg992pl82rnqmskhdjgpmvtmse2xwxnyfmr","0"
"pool1xtrcqnjtsgavkqkam8w4tulcjxcmpl0j27vxzgrkydnhxqwhfum","1"
"pool1y0uxkqyplyx6ld25e976t0s35va3ysqcscatwvy2sd2cwcareq7","9"
"pool1y3tasgvlzwgnlm6chf7qszp9r7ea2ypr4apnhrem64dskf67frw","1"
"pool1y3tf0ywhh9dwpp6mva8rgdgf7ttlcwfv8uejrapdcch96d4ulh2","0"
"pool1y8pjrj84ygqzknksf052955xfer7cvajyz39rkf67rpr6a248vs","0"
"pool1y8x9xd967hefysq4etkf9k8xkvxw72556cpg64u2kxcs2dz7pvq","1"
"pool1ygcgyrs6su3nmkqsz4dup2q6atarhv889cx7fquh0zq9vqfmev6","0"
"pool1yl62tumqyzsdpunh0kvaausvwufwcfl22f7xdnx6yma7sjuclts","5"
"pool1ynfnjspgckgxjf2zeye8s33jz3e3ndk9pcwp0qzaupzvvd8ukwt","12"
"pool1ype633z6k3k9tvdlewywemze06n9pvwe2dd28dr0f2phuyvzyce","0"
"pool1yphncqvpc4n49c4ya3mys7uwpwa25892r70gzkpqglenv093qge","9"
"pool1yq5q3unkyr764243l4v3gca6m42jlg04df9k7f5hv00lsjhyj4d","0"
"pool1yxajmr4a56896y3wrrqscg2hl5gqqhy0utejergl2j4m5srm28x","0"
"pool1yxnfmfc3mm52sgt8atnmr7da2wqkvu25l8xrgmv6kc6cu80sgxn","1"
"pool1z2dpsu58adkxtet672s6c46szylvcxs7vk9evq6clj49jcm6s4f","0"
"pool1z7r69q8nrg4fdlg83cnwvue2ls0f0cx0xzvsged8u0ergyqczcx","1"
"pool1z9nsz7wyyxc5r8zf8pf774p9gry09yxtrlqlg5tsnjndv5xupu3","3"
"pool1zamawmerlu7v27kah63t0a5sl965czx72p0xxxl0u0qjvh257a8","4"
"pool1zdw7urfhvj269ac0rfrd0dg2nzqw3q7t557a0yzvjya8vtqr79m","3"
"pool1zexpdww9sj45mmqu8zc4d07lnh6rl059yeswxspjr6jy7cpqczr","0"
"pool1zpsskvu5q00lpezkj53xm7a5y9wv0jqt5j0xsvn42jdx2gajwr6","8"
"pool1zrq9jgypjtygk4zhq6lz9phmtm04k4rjtg9pefgjjzpe2wphff9","1"
"pool1zt3l0pv74ms3j0uspstj3k26ndq93ej37djcw86gkk487pgpthh","9"
"pool1zyvx690fps6a9m3m89q6fwcfgd8jyupzgv8wrfpvd0fm5cyzxd0","9"
