pool,vote,amount
pool18p7p752cjnf9z8g70ygkre5cstwmgfatzuqm0tm3n2xf739j8k8,yes,1897871630319
pool17rjst78s67lvellg8s586rf076jxa3wnsdz730f4xk2zwuhrtej,yes,71411027290820
pool108zdflss3ayqlm5c7vr6mtqj2uwl99vk28ur8dv4zswdzt6yauc,yes,49676989063377
pool18l6lvx95vl5p88zfh7xjkx073s9gufpz4sa5q43fu7auqunjhg3,yes,764820270304
pool10mf43thtl3keag50mrlvqa78xkwg7harmu4w5yzr3k7jvw0ap43,yes,3700802826936
pool1f4n4mdsv5ydxuc3y4tzgumqvfa8xxlyr8jl70qquama0ug2pmhf,abstain,32405455523398
pool14hhs6ruwnuaf4fzsmx89mvmjl2qhyy5jnzyk2le03886kj6z9yp,yes,3281213494379
pool1y89sy2e927hvvt66wnukx5xnnrarzxrt55eypttaw3n06u0uam4,yes,1247368469816
pool1la0t0gsskwejyfca5lchw5aqd5g8hknxdu6tuyqp0ttjxl6zt35,yes,719373770434
pool1smy2r8jdvgna5ykhe8rrch7h4qalyfafyzyh0rmanmq0jxptww7,yes,29279239366781
pool1853ffwhtuka742fq4av7s3ssdpvzhdkpw53th3es36zkwrllj9g,yes,9414061389176
pool1pemnlylem2e94xguhd3fytj90848kpv4agvr6rthx2tp58z79ek,yes,19252261838572
pool168t0xlm0dtdgf7d5w2mrm7ulsw4czpw297yvrpke9pmjcc9hz7k,yes,4319284366625
pool1pmm654jfx088td54ekkkd0j28x6r5gnjdhnutzggursrxjnpk2y,yes,56321326180228
pool1edqwpnln3zr9gj9sfsmyl72pen6hdwev07xgqj7uz5mkjrgfj6h,yes,70209997008394
pool14f58kf59ec7ymk7mm5w07advfgs6a2guur3g5zyf45uvyvl80t4,yes,99669577748
pool1uj4u73qgtprqre78q75fq2vkcrpfrcdreqcqkvn6u0m2k6nk2yp,yes,69740430183638
pool1k7zrx5rw6cvef9m5qtp9sy4e53u93kwqx73ykz7md9gmwgf56yk,yes,10305068475566
pool1g6czdusgxwskqy8evsnxvqkg2a70rpjtv0maauldl5uusmhm94a,yes,146705005
pool1nwfzutmm6et5yt6mdk6d3ls57qfmwje0hwcepr3dn68mu9wl0pd,abstain,9684308128461
pool1k0xrqp03mn9u3q3sadndd6vu9udl5v38xpzyw0shm8sskuxw2av,yes,34907164209808
pool1sffl322qgsrsmkcedzzwk05396dkmj56pcepqvj6px3n2re3qu4,yes,1077224486316
pool14f0uj8vghxzs09p3rzvhlur0dnfwylxc67whaz087srtjjrcjgd,yes,70584266270
pool1wlmyl6csyc5m9sxezcladq3ttty4hja9mue63dwdh5g7ymucukl,yes,20391379467993
pool1w4am4s9w4gkt8r0245km62vtnnv9hhq6j68exzh2pyaxxfaq0gc,yes,544665650814
pool18me06fpnm53xylyg59n8yvhy3xtvjetra3tan5trrvr6yuvm8pd,yes,151820671485
pool1e4tjrl3ve7dcqwa70pexds6f8llk0txx09gm3r4m472ej4p6473,yes,4581682021732
pool1caulv7s08g0jnptzdc69qycptacu7fzahny2epzh7sh9vhqz6xz,yes,18803719051224
pool1fmcv9p7vv754rwc0p6ud2mgm76vnn0gq0gngrk7rq400vsvhsvs,yes,29095423566437
pool103455uc7a3477q8pdmzvny884qtlv9vhm2csxvqx2cadwuk36sq,yes,65406031647169
pool1ahazpr2yz5gljk2m4q8g7wnmq7m2sr9unhdfmr5arhqrjnntwdz,yes,74192728150411
pool1zgxvcqf0dvh0ze56ev2ayjvuex3zdd3hgxzdrcezkx497mv3l7s,yes,59731044154361
pool155efqn9xpcf73pphkk88cmlkdwx4ulkg606tne970qswczg3asc,yes,64330613776420
pool1g5gmej3cj67td4pmvmacnls8nuq0gjld2pwfeg3jwpxujdx6lmu,yes,30030621066529
pool1nh9j5qucsddxkzn3m4dm4gxkhwtpya4wm4e0ye2u0puaqgkcm65,yes,553376639470
pool1kkfkdces5mdcyc9dn2hgg3463jggjvw3h89nejjarkz25uavaqu,yes,15943163551103
pool10rdglgh4pzvkf936p2m669qzarr9dusrhmmz9nultm3uvq4eh5k,yes,64524303602682
pool1sdare7xfd6tmak8ghek7kwgpgj6xzu0reppmw4t46rmcs0h6vr2,yes,70031715260078
pool1tn7rcvc5lln8frln5n9rfd9cg8kcrj4vlm3ycdquyx5s2mlhmtk,yes,70024794363540
pool1qzlwlyu92fsx94qu6u5nw3sy334f5yat3dv3jgx0grrsv0kp422,yes,6273263264824
pool1mxhq6etmemv3pdyycz2kxth3a8gdqnjewxgne67fqwlfgz6f7xa,yes,50502203556581
pool1lvsa8e0dw6z8g2fkw7prnfa7627wuy5jjexaadck6w5sxw5xkvm,yes,49604654170340
pool1wf7wk3802jxtkmek6uprm77cgqx53t4qep9kwkl078w3yw0ff69,yes,25492009149555
pool1tpr44v3pxth9j0ff246dvsryxpanxwx52f024ws3ecvn72sgv55,yes,191207543658
pool13ws3wf9skw0ngg3aze482tdxqsnfmvf4vgy46cux599mxm8n27g,yes,1622443072485
pool16agnvfan65ypnswgg6rml52lqtcqe5guxltexkn82sqgj2crqtx,yes,72873811844353
pool15d62znf04qymt6ve536tt5y9ky979ly4um5zmgz9m850vu7wuv7,yes,40382813914628
pool1cpr59c88ps8499gtgegr3muhclr7dln35g9a3rqmv4dkxg9n3h8,yes,21689768480074
pool104avq7309gjm0fxms69yqusxy8zf888k4mamngg5vnc6vculpzq,yes,29301304830128
pool1jf4kt5qvyx4plvv7gna2y2f7xsjh3mt2szk2ff23ryd8qg826hj,yes,1190999610368
pool16l9ph0cm42qk4h8wqlka3fw7ws7rvnj5n59xzy8ky4l8gnudugk,yes,123149511902
pool1c2wa8326fulnkq42uerra78pue48pdwsqru2dhp5xrhsgzqmlsc,no,1902467920570
pool1qqq0c53vaf5ju0n3fvujmyxwca0yhp65930evw9lngmr5705csz,yes,40007066163020
pool1qzlw7z5mutmd39ldyjnp8n650weqe55z5p8dl3fagac3ge0nx8l,yes,22424209697251
pool1ctzja2cdwyeqnvehmrlclc5wrn9w9acwklk3acn73jrx56d66vs,yes,60493507968798
pool1w7c2j0px43jmudhf48ezp7dy8j7904c9l3wc7809lhh2z026hch,yes,65082308571584
pool1jhzf2mm6zdlhl6w89uhgx8nq8p6ykcc86qq58vjy0ejyxrrksfj,yes,43599040300159
pool15ftrqf7j80w57leflatx66x00qfhu483a290gmp7q85pjxrf480,yes,3098049485747
pool1g0hsnjnt0du3kp33gjua3npncngr3yg4ak2zfdhd4zvmy6r8hyd,yes,958813378344
pool1pk7cjkcdsawxf25dwml0ely8vhjx7wp7nqans3jwatanceyqae0,yes,3400561326841
pool1g8y2gz4sk7xhyaj469jlj3njyu5dlvqa7t7v9c2gk0yc69879z8,yes,10185795421783
pool1kdfznpenxa9wwcz8tweump45k5h78h8hl4slv78fdypsug9ypc6,yes,3745876895900
pool18gsrasdghtjsnzlf20pht85l4epwag74w9pfx5qvdvcpxw68sl6,yes,35024543745132
pool1ksz6vfc4xqdxyhp06h4n7kckh60370cy2t6m3wfgdxtug7ph4x0,yes,23463665138118
pool1flkcdxj7cq6sfgl4fujx50p20ylqgj02kgwvfj4g5w24s6th8vz,yes,10444462557917
pool10xk8jp4m2cztf69x9gvg3j33x5drkrz2hulsjes29wktcfcxdls,abstain,13855030567458
pool1qv3velgldz529zq904jy9qfrhdh0akwkkhylu2rymd6sw9m02cc,yes,29620216
pool18xmqj9h97tx245mzkz0fqlvas5zse0fzh9xmn9p6z77aj5jegsx,abstain,32393313600207
pool1m3h5p82m6v99nda37rmed8vrkqt43e2a8d89k76gw5ets0gdyag,yes,1137504553976
pool1xucruwwxsym3u9v0m4ex3az5d4vpz9xu877vsl9udpt0q237e9m,yes,35022810503587
pool1njjr0zn7uvydjy8067nprgwlyxqnznp9wgllfnag24nycgkda25,yes,70029325741765
pool1lqucyxuvjktfmpf7fd28j54cfgamyrxed344vnwlm9wqkwjeqwk,yes,21212792807985
pool1jvknf3dwtnqln5hcjrh5m7s979revuj5dlxr0337nwmm6p7250q,yes,7209159781996
pool1y24nj4qdkg35nvvnfawukauggsxrxuy74876cplmxsee29w5axc,yes,2890323290516
pool1gaztx97t53k47fr7282d70tje8323vvzx8pshgts30t9krw62tm,yes,56590909298564
pool1newmccddazerzanrdeeelvzk6vzh9stxn5n8ravshqa05n0t83u,yes,2144080896010
pool1prc9hna2mgamtspchrygc66s9n4tlkvh39e3t9zccef4kzc3ns2,yes,21193203711723
pool1axzm26vduyuxgw0x9ddh4vkvn7q5hyd558l0t9c08p556lf2zaj,yes,71899831710018
pool1lfvzgsrghmugvpym868mh29288ez0nncz680mamzjygu2jpuwcd,yes,54084733146579
pool1nz9h4raywm6mu2v8l7htuaqvmn06l3mepuaxynpzlwljsf8txhy,yes,62318743014836
pool1fcp4d2pxh0e7q5ju63sjqcdpxpr3pvxg6ykl23t6c97d7dnvjvw,yes,70942096040596
pool1ua0lx5ap5tj9f5l7tyjflp766ca5yu93djh5hqvm4e0kjgw5k7v,yes,6965938607496
pool1f4rs6v0cpsqa09ueddp6hhl8xwdwtdqglvcuce26srxdwmzxl6v,yes,2587345567142
pool1f89cpnym44rfv52jj88f3g20axraw4g9g7aglnqsgjl220lpdd8,abstain,32363243854342
pool1s6se64qce5rjjjhh6ufcdnc54p8qg78mlhjm38lymx99sqysvzx,yes,62822644954192
pool15a04yc72q4tfkwaweu86l0764urswee8c3zxperyrdq4kx8nvua,yes,105426272234
pool12pvaxxcv3sgad5jqgfnggn337y76kp02uauptkufjjjes7nxwfm,yes,277732173914
pool1we0xjccr3vc4ypnmhzsgwp7sxpsytu8dtv0syeqmtrllvcex68q,yes,22230905715244
pool1vquhv3kh6xkklckaenl8alyuhfsld57ef5573aqauueyqacx4ak,yes,39201415015250
pool1ft4xjlz9uw0r0ewcgtkgeakqrfc5azxmxwsm5pt94dv67mw4rgd,yes,64362941933602
pool1larpvn53yyufaf8fh89nrrpgruqcq8mgxrtdxp5y87cqse3yfg2,yes,10487291124972
pool1xwqye6mlftwjg706acz5fjqz7gmf4qdye99zsjl03a4ru68ghee,yes,3363892200271
pool1ddheaqwfuxwqe89lyd9wla222uhzvp8zstmvc30mrzy4zc5yevs,yes,448873069053
pool1en2f7un7v3rjyhqkeg87d27nvsk5arnnva5tzx38t0lpv7hercz,abstain,3935509016
pool1jsxk3ymqv2gdc6mhqk52544g2aun4zhq5wgx6n32l5s3jlne70n,yes,1252926304389
pool10d6mmw3mn9ku3r7uqqye672dz3sv76lh5kvh5rdpr9l5ug5yknr,yes,58013367591243
pool16j3mvwws7zc9pjluyhddgea0tq647v0dh3y4nkcuckg9znjcun2,yes,25520834975238
pool1ukeqarukv9gxwy9pt8jkr4qvad2yf87758g3xzemmvmtk8lrynp,yes,64201148100061
pool1enul577he3e0s500lv8z98m6k936uecz2rpckxxmmk8c7k0n2rd,yes,60798170769316
pool1dmqzwuql5mylffvn7ln3pr9j7kh4gdsssrmma5wgx56f6rtyf42,yes,8330975602541
pool1p9sjhjx0v3k76wvgdqu7jcks2ra48wqlhc6g0mkewd25k3zcymy,yes,21282857714999
pool1qlps2dwr0qd0a7pjqr47apewf2lq42xv03zgentgwv9mspeh57g,yes,70025791468656
pool1k2cj852umvq5f527x9u7p58mnletdzx29gr4e4npv4nc6m3hch9,yes,2457188470908
pool1n7zhzk2zyvqywfj476s4xk9h0xzncsq37469d8cyg37lsngvvqp,yes,33420497
pool1ljlmfg7p37ysmea9ra5xqwccue203dpj40w6zlzn5r2cvjrf6tw,yes,14222848406262
pool1wnrrg33lw9fxcn0h3x3vexh78up660ajgk7pvrlrz5kkcgh9khs,yes,3488131464140
pool192pfftt48zc4x5aellvpufk6l6zxllpldw0rx82vrhqrqfhhqs2,yes,67048531564399
pool1hvevy8qu5lwg7ul66xmzvwv8zwdgdradsg9ncvrflm7dvy407e0,yes,335607804920
pool1qqq6qqa0hpzvumv5p87ynczfmdj557xuwlc3289ke42g72z7f74,yes,42119996744867
pool1g3ssnndd8e7lcmstkjl9ane9mup0eshv3aklg63u5tznwl4ch87,yes,47199741741244
pool1qqqqdktl6pq46td0mwut0qn30g7nlue0sete9wxl0hwsq37wrw8,yes,69744738927433
pool1les50pm26wpf8gym7cda470xgfswukzhyykvhyfsfl4dcu2ezj4,yes,7651975312538
pool12n6lycv28kjtkzecfz2a3uujyxy6ewuwjcmjq84my67psqmgagv,yes,1337202195968
pool10quq4wlghwrvmhdzc7geq22pyhzegccwj56ax2g8hx0cjfahufs,yes,37932732507326
pool1kks6sgxvx7p6fe3hhnne68xzwa9jg8qgy50yt3w3lrelvns7390,yes,23125190898693
pool1gqgyta9sku3crjzfl9kj7kxsgfkt98y98yeu09kx22zscrezuj7,yes,36356189153334
pool1zfhww5y28t303z6uyq3w47pkhfmxww9dsn89vrxteplg2zjkekl,yes,1043353656182
pool1l6aeyn35nkqkn9lqqlwqnpraakdzuukjrqprcrj3sctk6hhe32k,yes,46221294282421
pool1asfgkqtmjuusclgx72xpzvpw336gkulchtstsx9lsj9uqzjckv0,yes,19775041003181
pool1fqas6yd8n3fdpz8e869qjvyensdmzletqjexcut8mxasu2sk72r,yes,70042734854389
pool1jql92je87mrx5gpjhmwr6a8a766cktcf5p0p8wd0wxq87nu80yf,yes,5071005478294
pool1wp7vqk4mkx0w0wxzpy8avhft4qwcg60xldwem2uh9n4pw777fhz,yes,36436763903
pool1vjjrjt5ez7d7yh385vdxl83mxyg36as785cp5l50d6wsjqdavax,yes,102513808499
pool173mzegwuu0pjcrt60ekelzj5haqr8r5e4e0n45qh9jdz7xm5kh8,yes,64202325888369
pool19k4azhj8tye5wwy5pfj7q6m938m8fg5nglds5dkhtfwnvcg3s0k,yes,533701123520
pool1lurfk0k0wwx54hlg8a7zp3jtstu57u59aeq7aketl55hknmmtu0,yes,21834712625278
pool1ynxx88cq0y8vg8yrq3jrw6epm7rq9a8859v34sq9lzjy7ztg90u,yes,41649725470843
pool13846y7q7tng3endxhet9qdcz5w0fjs09ytcye4dm5g54wmyqeqr,yes,31320426940467
pool1fxra32qureulvqrhrdpnrl5yechhqreg2khrghv3tkl4z66t0rm,yes,70028406552045
pool1jk25l2pejpdzq8vdjlxrr05th49v9tgd78fqrtxvuw3rumpfc6t,yes,26791462057684
pool18vej0s9gska8c847aj95g9v24duuxg2g63d5cuqngnxew643jw9,yes,68716102014427
pool1l8myd66tqjk75kh7uk9k8nyl20sd4qs33s4tzzn927ujyl7ahyk,yes,1301972183105
pool1yl76e0fhq0kcfy2jqs2mt6hl9xeyrnesehqp0p4s896lwv7hrta,yes,974833997231
pool13p725l7vqedxvkrstaq7myguewcktjglapwls3re7wakxdv90fw,yes,126100447392
pool1uyvyxt9k9g038h567x8halej4x87j7m4r4zyz9lhv4dcv83husk,yes,19394126673761
pool15kek228mhvnsncdjn77u8qtrn8hjh5wfzmh6g942xf0353yc77j,yes,9747891753
pool1ekcsyzwexl7p2kwxxh34hy28l6772vrmff7jwmuxsa6u6fzty9z,yes,74846552676678
pool140x77a7cz2j689lmxf836qpjtc3y83rka28v6gpswxdw2mag62e,yes,6315872813292
pool1kprt6l4quz03dhqx8jw22spdjvp5dkshdnn567vlexqkj35hd8a,yes,7991751428552
pool1suvska2n58hqxqzzqwpw3558072vkmng0jezzgtlsj625yk7gt8,yes,2155199806170
pool14qpadfdjzw6jkwxy67uhey6tjpyppsmwgz5awfsxwrtpsecslpc,yes,396958737367
pool1ue4ngerz28nkpstsr5p53qvl5ulq3jtmllj4my0d0n28yyrn4l4,yes,11159857431094
pool14hsxa2zfwzvy9ncdjwnx0xkcltjmdydeayxfju7suuuewv0dnke,yes,134118599599
pool1nw42xqnaplxsx3fq4ytl4x4qqvhs7g5uymnm906pfvx5636fglw,yes,238763370356
pool1vafsg5t78rnx3qr3fv7ys9h50pnvxqhd4l8tj629l5zk7tc39ch,yes,23495406866554
pool1sqpksswmxpgk6yxllyq9ad4qhtnt5qyz2pv5xmz6kkt5ujrgqwf,abstain,342634799950
pool1u8yequt4vq3jhajeegc02r3msnne6krayxuzrypaz8jkq5v5pux,yes,31308010672304
pool1pshqcksxywy68lt04lw6uf35f4yssekh5dx2mxqmyrukke2z5y3,yes,48088764807736
pool1kmsr376syqkluhxvv8k2axugqw7unjmlkwhfxjxtj7cw7qcn0jn,yes,17647110484405
pool18rpw5dwfywfrzjuy7uzn2cetrw9v85aan8a80p3fdvtqcxykkqu,yes,417841305840
pool10kjjh9zfs77vzxpp4qpdxwvnh3x8zdf8qcv7pckvdhw02fu6unz,yes,6951074928673
pool1h5jtxde8j86qrnqzj32ugn480u7gw5xw8wqy5d227rl3vfg58qz,no,482463593447
pool1u0u2s080a5plun4acn6s70xa3q98ct7skt88l7w6nnwwyl9ecym,yes,834199877577
pool1h0prd5vcdv6uk7hglztdcqfp5czjqxdydxkxkdhg8rrk22mr4ym,yes,522963093579
pool1ewgnsmk42ljf00wytawfcl3dcash9f852u5fr92e37wqxutyksl,abstain,2066672528
pool17ynruzy9lvq0x55ks22vtf4lrrdrw2ucydh4tfzhg9kkyeaw8nf,yes,2554851551309
pool1urgvu6zk422j4xwtxa45lzpd6dm25msfthpkezr042secrtuwzc,yes,42821344184993
pool13pclvkwxee4znt7qc55k8ny89zvdkvfrt04dtd99zjm5vs2tws5,yes,29076050992479
pool12pk63q22re4up2dg86tyjwthuauqu0ryq3jlxs9v29zk68cpugl,yes,389576826242
pool12584mjtgz3fhgpx823qht56gycnfnezg6aqqthazv4qdxkd5c46,yes,736685666395
pool1umflj8hjq873fs9r6aq2zvgs88zrs5xjswn2znkdaehlz2eqy59,yes,161713656854
pool155cu3s06js3llfh07vnzepatfuvt3s5s7uwldt9rzz55wz7pugt,yes,15145715561153
pool1whk6lawmfz4zq5fw8zghglp23452gnm9zgs59nqafhpexwcvute,yes,22447209382751
pool1vcwsfldh4gkzga4mc6p86y0vytkqfm9e2dy44hs00v34yeqnfaf,yes,70029202536939
pool157e2zadjusu6esf9mmx37nf63ep2gazdeln5mh04ylpcvz59g5c,yes,1545096875266
pool1fqwnqk3phwa2s5thgym8dw34pv0z67m526uqprnjh93cvzxymef,yes,31309977237675
pool1vhzjtcrcyzy5ld05mj8edy5at37x4g7du8uvvss037h26h8s8z5,yes,534308336970
pool1q7k8mmnvsgthp94hpn8jrnacjewplvywq70eef90fv4nu7gedzp,yes,20808456814691
pool17arsgklktp9sayk5kzaakwvl3jwyczp07guux2yd0upgqh04qjl,yes,70038045152193
pool1c89d4drtwn0048mekkdkzllz559ahnntxelyw2mppxnmc36hjlx,yes,35348407981934
pool1yr0cv3dtmhcfgqa6yetvmf769ngk89e6tepecmjrmjl2jzcw2lm,yes,9269412222594
pool13crd2ljx87988umk22er6ynwadfwdqupdpcq6prc6v59z62kxse,yes,37356832433926
pool145dkdplkqke4g0unzkjljeh2wr797d08k2jv822rhmmc68xak38,yes,0
pool12p0qtp89dfzr6spqq4xl6ha2s9m8lqydnvfafyd0h38fy0hfv3f,yes,11960933198553
pool104v7kzpq86r0wnfsz8r7jeld2raap92qq84trjcqk62zyh9akqt,yes,1758442039147
pool1ksh2zpeeqe0rpcug63up5l66g3kr5vf58jraeun82rur6m4g6xz,yes,660308699991
pool1esd3cqme3zzvvdnsx3p6ywudn6p86mqyz7fpvqpegxv2qzmtes0,yes,207924427583
pool13r4e7tttcxp4qfs4gqtv0hz5k48qdhhxrskz8pjrj6fqy5qmee0,yes,5877679216450
pool1rct5guwnp6nk9f4ldn5tr3s42j0nm5rxeayv56lxua5ck47ex39,yes,44698152141008
pool1yc6f3cqsc7jfh07hcns64v5cp8720mve870pgxf2wkr3u8l7tse,yes,28987442283614
pool1gpzkwf3ntp7ky6yvyky8q6qu4dyup5y6v4pxzn56yut8sqp6k53,yes,64328655986831
pool1nyf8x2xrlmfqwy9shqrlx2csentnzyjmxr0r3w0ljuaqz5ek7qz,yes,5358522860197
pool1qfxukshs4fkcrflzdnxa2fdza5lfvew3y6echg8ckaa4q8m5hyf,yes,44464440808371
pool1qku2yhky7sv4dfjfv42uyvauhehuqevk25aw952d7ulzqzx3jcu,yes,14631151392358
pool1r0sxz0hygfc0266lhdclve6j3cwcwlth6dya6uey65yxjnwm7qc,yes,240476995364
pool1ppqdq5yfkkllrcj0u47pakg9e4ha568pz3a9kkrr6w2kyw8gxv7,yes,11248938899494
pool1mrxg6svcug7mc459ce5zum4qd6p0hkfc08jzpphxfnxzz8yf7ll,yes,278830425801
pool167qekemyleju9g7eugaguqxh5telvmmmrs3a7sp897f6za308hg,yes,3306404042804
pool193uec04jldvah7r52q86wl033g4v42x0aste8jfg9999qepaxfp,yes,49531843957382
pool12jnulzs7j8lsku4r2a7q6tee6tt66872vwhqh8jxvgzn6837jtl,yes,43411419710416
pool1jgwu8lq3dqddnnx7prymcgcyrqy0fdlghg33he2hmw9t2gma3zd,yes,4237975898563
pool14nxj3szga2tgllwenjgajfl3y4t570yghhyk36d2heuqvy63wl3,yes,2990070
pool16fyda57p3c8gp5r6gmcq5tvqsp6mnzwvkxswgznkuh8wztrp6vv,yes,52227168265406
pool1qqqqzyqf8mlm70883zht60n4q6uqxg4a8x266sewv8ad2grkztl,yes,26804103853912
pool1etfxpqw7456eh337p7x5jsvxxa67fsduvnmucevrqweckex3nhl,yes,4319962954575
pool1l5kwfudnqrhw3k4lwzcppu36nun9puvvr7xnanuz8a2zx4jaek5,yes,3946526716341
pool1jjry6f6q0swaq457ft9eclaxaskvrxnpj0v3w8edsyfryml3vj6,yes,14939770630841
pool19r8kcmqpajlm6h5q0lv8jye0q7evdur39wfsgs4z98fcqpz9lct,yes,18329001643574
pool1phc0dedrry2jp2s2tqngcw87vzx3mychvm7qqe3470etzsf3ph7,yes,1328710351568
pool19ejln2jcpg5dphc8m5nh8sya49sycsqj0v2cjxw6nku966cc8nu,yes,15502077432265
pool1xtrwqwu6jn896szjwsyxxjczl6hc9sq4lh5ax68f7dt3gc0y9rx,yes,4423938662265
pool1pfdd8d8n7jx0xnk4uev3x36se87c747w6l2d5x7fanh5w9evhw2,yes,10948642534224
pool104re5tajgh4mpp7c744khap56lf609cfjlna5ysjkum8qn8fel9,yes,840868985632
pool1zwqrrwpr5zx7c3f4ukpu4r4fz5c2hkwx9vwqka5068urgqvpjzr,yes,735413904085
pool1cspe7naf0mtntwyysqxk6czah3jlh6v4cja8pdfju932yxsehnm,yes,6999224604784
pool12rs385dd534g8gtdtmnvlhq63whdvc6vnuzxa5cpx843zdy73qy,yes,14025442269285
pool1h9jr0f9evk3raxlljq6mt4gj7ej4v82afvnlc2wh28rwy2d8lsy,yes,529956187994
pool1a8n7f97dmgtgrnl53exccknjdchqxrr9508hlxlgqp6xvjmzhej,yes,57085367506784
pool1lmzhzkdvkh67a8hjcexlhajkk8f7kz2tf35frjut6creqs2kedg,yes,2291977614104
pool1mtxmk0skqkr5y0wxnxps4n35j6wn9q8dfr82y423vvlp53vccux,yes,71125073194901
pool12l453n0jtxqq88cgwgr67z06ldyhqqvwxgkn0sgungjfvhtp2el,yes,39315529411337
pool1fmgus36uc0jf0wlspfvzwfn04mz34kwrensmqgfzkv7t58dejw4,yes,4769856600311
pool1lkpj6fa4l0sy39qfvyl4pcsnnd22y8np8j98vzwula2kuxgers4,yes,10334242612830
pool14zdcvdec8qmqzsat5wg3a2h9f0u5yzrgjew534z8u3gs5durnjz,yes,35975575172792
pool1zeya2r53sxmqh2ux3ssfsrqerergnw2hjxmp63r83ntwverpqwm,yes,5983709018861
pool1us8dkk3y8j00qq5kscxxklyzwt74jgav226s2rtgaqxek7h8vc8,yes,1716743370927
pool1a3ekt9me035qgju0en2w39vjns9ggtewnc9fugsmpgczvgtl6u9,yes,7435605506266
pool1cyq3v3v43hu7spwlfxdm6vq9djpsjjueerhlu5qr2rvd57vqk84,yes,19522842129594
pool1rcd7qslz3xnpnk9u6tcwegy5r2574uf8suqu24ptg637jha3sr5,yes,7869444655890
pool1je2n5smmnyn3lh92xrp8nepjyfp596ypga6pmdecwtcrcj9uvec,yes,2175977468501
pool1gk20vlqg7qq868avysckjcjtwyphtjurfwlgra45670ny6r4fww,yes,39906418616442
pool1lr5ku0p3jhykdf3a2kcr0tyra30qvzrtl02dr6uyv98rxdsy3k9,yes,1108204686625
pool1tjr4zpndkvwkw3du3fvt59f5men6jhuevt7rpx6xw0wcct5kl04,yes,1171867485637
pool1lev7ygxcqd4aw5em7wf7y64au4hv04yl5cew27lkjmgngj46vqk,yes,70057349486246
pool1ntfxj2jgvhzen8e86ed679ctukar3vj538ywyyq8ryld66jj4sx,yes,22032514216626
pool1xlfty06hg6q23qvcaxwv3p9ke7ff9n34qpr8tpxt2zflyq20ceh,yes,53879982360018
pool1yenqraf3znn07qmvtd8wg23fymsr0vsme7ry2475r48vk6ss0z2,yes,8979938565
pool1xaudqyen24fz02vhu9qa2ry44suzfk8z3lh7sc6qx7c3gpweww2,yes,1299077203894
pool16hs0jxw7h6pwg3ru7rcq3yvg4csj7lhmcpj68kqem2sh5nt8mwk,yes,32946923687619
pool1vev8z03vh7jwx3mfrgzrt9fltt97nupaxv8ffj4r5r8mgwts5ze,yes,60532638709625
pool1wxpzjtfr79pdfs6m6vg6xmcqjh79ff9d6sgzfdpvs2q26swahew,yes,226798267890
pool18jqumjfevywycjj54m62g74ghds4mmuyqynpwfkaem0xktazlqw,yes,14238884623355
pool1mxqjlrfskhd5kql9kak06fpdh8xjwc76gec76p3taqy2qmfzs5z,yes,28380466224953
pool1tnl3yxmj8848vq6meduhz9n5520a7dwsh05r5gfyvlatj87k3jl,yes,100719585888
pool14lr9ef5a22ng5xcu2rhpkkc86u5fp24r5gnj6hvnjxmsv8t8rtj,yes,111213366596
pool1vnsfv2qpt5gxte9prupjey8kw7ap7t6c8lc02ks4s3gtqplhgd3,yes,10775051800677
pool1ptzl40tt9a6l2kp6fhjmzsg3t2maqdhwv6cnqu8kj6xgz3vw9us,abstain,32493852309121
pool1ju8f57hyvaa32tp85r468kuedvmjmcy56f8u9968drea57p50l5,yes,73151928626152
pool1j6uz7hz3mzd5hncsnvdw04q7785kpxx4vfze686zekdly7jz7gl,yes,6501004
pool1qmsck80ldwm23t4t5elxc857r82ph3urkt7tpyq65ntn2dv2ust,yes,10810804858409
pool1zkdc6ve9nndk7vxnjlalhqt4hr5h8auz5qzjk7lrjrqtv23yuy5,yes,70522783518306
pool19kfm6lz5uw7nylq27swr367mqdycmug7tve94l6h3xsz64seqtc,yes,19404844557
pool1tp7fzx8w3lrwwuwff9x7nlqr4r5n0awpq0krwnahvj387n7y22h,yes,8679534325515
pool14n6nrj7rdrcxhwlzx5kytt60pqwnzjm97nuczrpa0ucwzyx2ule,yes,335467854574
pool1hyqdlnuff3rnvg9lx70ccca2xqxcezzz4998tp6chhxnx2st257,yes,70026235808087
pool1c2utlagkpht4zj0jetsf245c258geuxnjqp9kf4f2z9rutx9dz4,yes,1412186760694
pool1a5jd3x2udlvpm9mt4gpau4jlags6qtth6jdsguryh2zy27f5ttj,yes,966318782099
pool1vzpakzvtx46t7kpla6pus7wpnskeprdlrxc3snf897tryuzfh4v,yes,105706474226
pool14mm59ntjqzphjr6chrww639cdr3yjce4qcwzc5jkk38y22u7uc6,yes,49986939585158
pool1m0drnjxsvnlesq0rwmur2rh6lenuql57jfzd6cf6aegj2cv7ugy,yes,20743412824606
pool1jst7rrhucnp93hepezv5yqy6fx982xs2v0udwfc5ea6my3kfak7,yes,42810108408925
pool1hkklrx9ac7w57d79mnv76rxlgq4acg5ecwhyep7k3zn0u5cz2k9,yes,22566880608534
pool1cew2q6pge250exctkq26lyl0w95923xxa54thd79nv8xy9j3xe6,yes,2730602263121
pool10c9l3k0z50ytt4krkfet7w3gwpv9d9nq47kk9ecy2c5f2uyvkgk,abstain,311511152484
pool1crprz3rdcwvfxmc0s4gxquh3qeqmscww2qfvpl93q52yyn7agsc,yes,2055085215850
pool1q66d2n39uvln4hazyzv8fyq977mpqus78sjd2369qfn7cptdeyh,yes,7349811265548
pool1kv53mzjwqjp4aw48rczj8vm6hejwfnfwa634czyx5tw5qq3tata,yes,984048076653
pool1csrtagrya4hc5pectc20s8s7am3e6vpdjj6antqzvn2lgmm5afs,yes,846215663629
pool1p5ja48uqc7pjnuqvwu7cgmspvx938qpnf4zqm0x2k0ngkh4lkjx,yes,27686327268453
pool1jg3fmnmc9n52sgzslhhvhye5e3xeqmrwkekdhh82sma47r47zg0,yes,13422030847965
pool1chfk2749hyrwqqpj9fapredjsgw3fdauyxw3hn82kavqva6nv3w,yes,2540481940855
pool17kew7rtakc7g6qzydntann5umw08xq3ll2j7spk7en4kvff69fa,yes,17996625385848
pool18pnta4kfff66kq5shjrdsdr8ce2heu38t6x5nv7hylrcc0hpksk,yes,2089389046892
pool18qahj5ggudguk69g9aaztf5dvapmazql4hdvd7v0947j7gy4wqf,no,23650184287469
pool1kkmk9dnzrrjtnsejttydecmq63x4dpkln70yfledaednj7mf7rk,yes,429655341596
pool1yt868wrp9s2x5pehe96del9m3nwasme62yw02vww3kg6zwzspcz,yes,14707932650787
pool1hnnfvsq3xlln6vz7d2xmk6kqekd5z4ctmfpdad8g8kr0yk8kdfd,yes,27139265358638
pool1r8lmsrdure385hz647kl2qjhyyxkdle4au5krjcsqed4x8227k3,yes,2533010464453
pool13daql23lkcwwj0gsz0dnu9tu20pugpswfped3kp05ekxkgmcumt,yes,1452300708997
pool1nqheyct9a0mxn80cwp9pd5guncfu3rzwqtmru0l94accz7gjcgl,yes,67519639967044
pool1xdgzul0qespnz56zzrckwf4hcryyql9ypc4tya2dlu9a22h43ag,yes,300639890526
pool1ld9hkah2dkzh73pvh9tf6xr0x28us34msv3zcv2sase5vhvq962,yes,15588734331756
pool1gnnwyf9vwcgtm3us0w0duuy43r9k7yhnchvyx0xqv9766ysw2a9,yes,4159978031915
pool18f4d5kj6n3ex7vl9udw3qczf3aye0qcuusgg0tkdja5sqm3604s,yes,0
pool1qqvukkkfr3ux4qylfkrky23f6trl2l6xjluv36z90ax7gfa8yxt,yes,30535807125261
pool1xrrrr8gldqz8pjxj6j8c638a9py04xuv66kfgn2dlsx9g52te0t,yes,17731478370826
pool1mt8sdg37f2h3rypyuc77k7vxrjshtvjw04zdjlae9vdzyt9uu34,abstain,38944546567211
pool1zn4wnk52kmfjy9mw4z85p6wn9kzrn94l9h5gys8r2k2w57mdnhh,yes,268880948458
pool1qzlwlpcsgflr9z3f24fg836tyq45p0kf5cnrp20s8v0psp6tdkx,yes,26640850260745
pool13c9mnvfx4nvwvkszxcprwlv60fh3tteef50hhhv9yxptsua2v70,yes,71039925540217
pool1kcvaxe4q4npwt28qlr3h84htjf4qrqglqk3cr2484ptycr0ldut,yes,35055296922536
pool10jd7mphm0mmrnfvyytzs3tfrmjmtkvalfx8nql7tae06v0rkjk3,yes,114566262363
pool1fh4sh2telea0tfdy39h0drx6uq566yt9gf24edpz7335sclx39z,yes,9038867707915
pool17qvfg2g843gw6lurru282kkex6vp3pyj6zwj99j4u6k7zvmva5a,yes,7709101434463
pool17r3u34ywld6sehe9dd5t40ygq7rmc6yfw2k0h0hpllznwlmwsnn,yes,310384393949
pool1nwv3c3q62lqcdgp7s0jtl4xldgfnjnt0szkdclk4tzjqzv6kv7n,abstain,32377559001638
pool12lsfsh2s8yt8dvrt9m8kgrgr6ktntngvn2vad60xlqz7kxz9fxr,yes,8911770958688
pool1qqlf3epa7m8780p2jx5689u2ql06tw026l5377tptk2zswrc645,yes,5274256165988
pool1wvaj307ee8jfewv9qjtgk0q3elmpe5lz4n2dec2303062f7dc4c,yes,0
pool1xn4kqt45xh3udf87kmtkdfz8xh9qn6trlqsf39eusk23ufmxhgr,yes,15000863527124
pool1zdl39pvapcaj5um8nyduaq2vmn64dqwz4qlhnzurnca8zetk74s,yes,188213197630
pool1xjqjwe0t7uw7wfdygvt99e5wjcuz6ex6rcx2p067aqxp6tsgwgm,yes,19502053829194
pool1huyzkfxwnttj7r4530hv7gc5v6mzk75vuzysc75aemu85mae9vd,yes,308660741887
pool1t6n7rysk6wzm9wqxda6zxpzmm3j6256fs3mp06dc26n6503hhj4,yes,18580321789100
pool1zytydvyy3qztrs8l2xyggvkfcjctp23m2hc3aj7sudnzgny79cg,yes,16015926308632
pool1777xvdg0vydjp78cdcfrmpuqj28w3nuasf7h9a2f6cd4z990777,yes,157885890768
pool1r650ja5y4jy7xd6srjz8ujkumy8xpk8kqgrxu92g3nwyk5jf4zq,yes,1055379426
pool1ck8rqpxp7j8kyzutk856fnvgm8xsqmuh922wkeeg32ekjjrvtc0,yes,4214079959205
pool1e2tl2w0x4puw0f7c04mznq4qz6kxjkwhvuvusgf2fgu7q4d6ghv,yes,1254564605938
pool18qddv82sx8p22uxzdrf0qx9lkewxadlr9ef45kpcf7dzz3n56qv,yes,8869930528146
pool1hht4pctn70tqdsd0zwuxv8d8cz6l5scjzaquty7vamyzy78eqvc,yes,18278306425217
pool1mqy259k253xryf4hvdq0n72n2uvadcgp34r0fxwpqzm0z5n0qp6,yes,21901673430491
pool17c4u37tjcjaeym0cs5mffvdkyyv74rkhczhnsgplef4sjglkwpj,abstain,32423842661838
pool1me68mzk9kephj0yqya6xu9jefjvtg0dvmly3m9sy67cezrexalx,abstain,32506152619984
pool1mn6relcs7dn2fqzfq5yjlwxa49d900p5sdpw62jlx45k2djgwe4,yes,16450869606235
pool1t43xjt8x0p49tr7hw3n360rvs9m5rdpflf76mj7hkfe964tsrlu,yes,0
pool12ahcpgfgzkm29zajw8fgfqjma6ngsks7zdk4tr7q280pwfvtlek,abstain,32423835796554
pool16p8y0pzx8yx7vz6eqksw9xjhh3tzeymvxcstrgtk8ncw75356yw,yes,349340677361
pool1vdh6kxcqt9mxavyv80ggnec6jjwms44ms30rhle3lt266aj8jgh,yes,24704180998619
pool1qsxhnvr03tg6jj7cl0y74jd63n85fgejm8tlqq7ct7fexfygkye,yes,1278860937247
pool10p6wd9k0fwk2zqkqnqr8efyr7gms627ujk9dxgk6majskhawr6r,yes,5920792454817
pool17s3mr9c4ejjfq20dz0ls9ggskc770kt267s9xmw93payzdswwgg,yes,48484001580711
pool10eltx2wej46e62ulmwzm35xfu0azu47yvpjper7gwhncqe74vg6,yes,8811531545858
pool19uynx6nxcdksmaqdcshjg487fap3rs3axyhrdqa7gdqgzgxss4y,yes,9163179715519
pool14xq8v9s80ut6vmwp93tzhlydhsdqhxk3e9jerl2kl7hm2dq6pru,yes,70021823131841
pool1lskcfz80qg2kr2p6776kl9emjn8ulkqsqse7um7skz4y2lwa0cu,yes,29351957726736
pool15yyxtkhz64p7a8cnax9l7u82s9t9hdhyxsa3tdm977qhgpnsuhq,yes,63830903509425
pool1gclysx2h7fndj0jdajlmwvqr8q9tzu3rurjknacu0ff954fsg9a,yes,64885821256885
pool1ea568m9q882n0tx5d4vxff2dmz2n7rq5h62hx5ystq625m4tcfu,yes,12525553198629
pool1e96dkrs5msjuycwz4mf0kq6fytlz0x48mnrur5ggufqkzs2a4kp,abstain,115007006530
pool1a3kdettzvvlqvkl9m9hwe63ggeq5fgvz0twqew5c62dzx99vsed,yes,9935938649483
pool15zrkyr0f80hxlt4scv72tej8l8zwrcphmrega9wutqchjekceal,yes,29855180872629
pool142xwjhpcvtp7tahpmn8tlnek7smefp9wn66z67j8vjpmjxqdg56,yes,61123977428642
pool1cg559cdc25fkvs73umj6w5nxlwy3mpmj02xt7p4v69eqs5ncz9k,yes,2248049688714
pool1pjmqlsyny06w0x60rfd3seul5xc9pluh3t08y55ylhks28jeh7c,yes,24354874251488
pool18mgvt3k5sm5vns4tqu74qt036tw0yterxuz2zjczlqr9saeas9f,yes,7757100237
pool153lhpqpcms4a73metcjd439h8yzvht2yyjluuav9vfsv75gtf7l,yes,62335292608
pool1tah22gjtc7ntrdezv49hysegcwpzafea35t6f4hn3wr2y4hz3vz,yes,330064141036
pool1p627hhec2ha6wu6ql377c3hv4mjd26w7ll0xyw2ezgnu6nyl0a4,yes,127386988507
pool1xkwnlr34tjrnkz6u4c0p36cju3xuls4dyynsdkf6cv22ksuhz6q,yes,60143423711454
pool124hy9qgc0nhqsve268kj5r53pvz7ppg295q6r2d0sjxswchljf0,abstain,32752940656312
pool1ksrg8a964464las0ymw88slrwxkychjz9lh09lqltu5m7nw3pq0,yes,35742982696875
pool134d4ndkh0q43mykqh922k0khrrkm7rlpkj834ju6kwja6dmu2f6,abstain,108894156702
pool1lvgs6gdcgl3lgcc77wxmuyst8x4h9gxcth07pzry0rfsv5ntl3r,abstain,32490109063690
pool1vc8jp7uagxgh8trzx7r260ndcydz89ges8sws05cyv7jj8q8gqs,yes,54980274199859
pool1drv9qkh2tgqqucc0jp8cwswpmmkfzdd898ja7ac0uwm9j5d44tq,yes,2167270660732
pool199a44nvtjr0c5xlanz4p5c0nywu8l6k5hz3t2he0hq7wvljnsrt,yes,941850933044
pool1l7xwy6sswcpxcepf9m43sez4kwgrgxuw5ekhkavj3k2lv6njvec,abstain,32404836544316
pool1x2h98z6e5xvrg5zw3v3dlu8hqdtj6lhp6r3w5ge7rvcqcx3pafq,yes,21025694835175
pool1v5u6wzakuc25q3zpx04t8gjz3rgu60wuxkv2mh5nga23xjkc86s,yes,53833049166331
pool19zhl50qqzpfvvhdytqg6qx0cthummjyunfyvkfqx9uxrsp7k8ek,yes,247757938915
pool1a7gj89pcxm7h63le3hjkneappj3m5kuqeg4t8fa5rn5d6z2nhkx,yes,6111428992952
pool1jq7r3evstu2c040vlry8tgvpwf0mfvft86cxecwjpwcuvvqfu2r,yes,33796422409963
pool1jt7d6ak3m8gnjyxtuxfswe258xzwda80ndl0a57vv5m2zv8h6at,yes,37410491990882
pool1m4enp55hp80tf6xl7k6f6593wnyu3pr83xfvef9x3ktdw9m0em5,yes,23330577961295
pool1qqq9tqyj69j9kygpxza3h82ynh8d0xlueucnu2yqum8nse8hj7y,yes,2539917899677
pool1pvu2zdexh8wr4ggmuz90jvqrua6an43qj9m9urs785p8kwjzqwl,yes,37926680505016
pool1cvszqtp0yxrxu8ca8sttcatvdq62f8q9w9qzrtjxlpg0shd0y2x,yes,510334568342
pool1ayfjmnrv5vg6tfducvysn360re6qfwuv2rhc4ph6jk33ztuxlhq,yes,596411002638
pool1u99x2rr6trfznwakv0959llmxmtgc2nvanc067uugl3ejuvvnc8,yes,17903550543489
pool12ndf7w5f4fdn746s5zlay4aexvcsjncnnmjwfp8falascjqav3y,yes,568714751854
pool1vs689gkmqtrljtmcwd2690nzqm2yyq23wk2zzx5g0v0gs5ug64a,yes,15143254438309
pool1wccveh5l4gvns7egngqdd4qk27w0kxqc68jjrnnkgjxz6zwt7ws,yes,133155110564
pool1vdcu0y6ujrwmnv4u50j6upxkjug7cx7zsaynjvgkcm2ycmajelc,yes,9721787617571
pool1uhy50u9y76nd6z2xmzt3mta0yc7g3gdssef8lheyyg7zzymgzm8,yes,19214650580798
pool1jv4yvr5edp7qp690hk3qfudwmw28n2wygjxyhaecqkzeqh0wlem,yes,2084124229013
pool1ecvcst7k9eul4ggnljh0jw2s5nc2tyfmyzsx3xg3kmmz6ptgfwj,yes,16144200935647
pool1nee5kmpzv0qfz7lu258fe9ylgxh68lsqqdmjgw7jnheej3usn35,yes,64329032310856
pool1dww6s8stvm7dl2n8740s3v5rnxmsuqcl8jcnu64g7cds5w29pft,yes,2644591443450
pool18872nzahx0h2f7j58pxrn5rjektn8na8p4amv08x2xj8qkht30g,yes,2997648829663
pool1jz5ljsnj4fzmk84j0wcw9ldy866dn07nzqg2ktyuyjvfvr3jgtq,yes,31636961276195
pool1ncg357pkgx29g6jrwunk94pwxe409ktxyrw8s0k66vwkc4qdgnu,yes,2308167904824
pool1krznhwu3h5pu2stuslr53z5rme50t6384macsmylcnljwc7yjky,yes,21889742066287
pool1ddgcpgjcyawxw95se9x8qnc8gxgwjr4fqrk4vk6v9x47s0ggpjp,yes,5346562475998
pool1q8a7ym63gurl72wr32je0tv0lp4p2uh8vzzc6rn6un7ryslvqmu,yes,6888142198939
pool1vc8jhqtwjrjwsfk6a0enx47hd2ufg98c34ta6lvl0zv0uhpech9,yes,1192420062748
pool15z87p296y3m7eq8pwuu8qs6h2v4d2ctnx3yd2vqpl6txkkdvl5h,yes,4729481426407
pool1xjhzgchsl2ccvc5pj3aqytv9hh0jnaz63wtfnw4th07tjypm46x,yes,48564958311384
pool1sjwdmeme5zs042jzwmdvxshhv27kepxke0mr02f2yzacsyd4wtu,yes,52179265155147
pool1s8347yjgmfguf0ynj69euw7r75w7usdrfheckpcrjrk2yfvnpwq,yes,70025679711086
pool1980svf2cxnfy66s5jgjv7y22xud75z9kfe6n0c3y54s62w56435,yes,1057577206230
pool1mtuhuh8hkf8am0qzx45y58kll8q83sjh6pwljrflcmw970d82f3,yes,71633877832200
pool10tqeu6d03p6rnalqlvdshmpsljxaq2c0ww6draq6xm8lgyl2a3p,yes,19066918786400
pool1q80jjs53w0fx836n8g38gtdwr8ck5zre3da90peuxn84sj3cu0r,yes,3275655029255
pool1vtf34mujsfrr8wesg8nvmnupk7npz7f287whltv2ga4wc2728mf,yes,5958997586430
pool1zvsanfncazr5udf0s0s07hzd0e0nkqhza9d8h48ujq65vuamnu3,yes,98667496221
pool1xxhs2zw5xa4g54d5p62j46nlqzwp8jklqvuv2agjlapwjx9qkg9,yes,16420613191108
pool1u6kpt8hgqcm596kukj97ghefmxn8ks2cgwg8qqe0gtgscnufk5p,yes,50770825645776
pool1lpw2wnj2vrc75fv7f4jnfzgkqvlrxlampz5nmduwve47xgnckns,abstain,32410006645973
pool1dqzprrl8305mlysnh85znqpe22lg0q2d9zest7jjhugajuf46kv,yes,759790530908
pool16vdezg50c80dhs78jhfl0gpqr68trtmqy40xplw39t9mgk6vrkd,abstain,113124792182
pool19ru9alj7n5anmzs0f9gpzlj8kaq44yhcp45mldjvldxck8f6yg6,yes,3777618976691
pool1y49e700dnx8lpvznmysgzw203mjq6l7um85ka4ys6x0zcwgs77w,yes,5941139091762
pool1vx9tzlkgafernd9vpjpxkenutx2gncj4yn88fpq69823qlwcqrt,yes,71806229372226
pool18zn7wa345uytjgds9hypn3jugnzqtfm4cny7anskkcmgwwxtwca,yes,369394169803
pool1lhvpgr8lhsf6h03v9zqxm74pa63rdxx4yuvkqfw4tv9fua8t37a,yes,21113006231815
pool1t6tyc9menh5uax38j89jgdyj0maz6e4mgx90n7xkcl7mu8fzqxu,abstain,30690049835167
pool1gwnu7f7qgaruxph8gn3u28qphvquvnj63elyd3r0nndacj9g9pa,yes,23805517939226
pool1r8938r4ts8f4t8nsp9xl9dktzapt7f67jgpsp4wrju39xrdnaye,yes,3878058831626
pool1apupv5qtfp2aa2xlrzzjzx0uj686g3n695a329nq8j5jvvzumz0,yes,1555347577559
pool19q034g07ka2ltwc3wwjeu79w29nlafc0w2ppne5ppu5wud60rgq,yes,3936261318752
pool1agwy5atgc4ptg3whplaxyz28g4dgvsna8auktszctkq8xmtl7dh,yes,2659158343121
pool1cf7mqj0xd8z4jqhr7nf565mxuvepk8euv5t6ehmuwe49kfz9llr,yes,48146432706689
pool1l3wdq3cec23jadkt2cx384vtgd75ncau33smrptwj87n2wedc0d,yes,4946174436838
pool1xs34q2z06a46nk7hl48d27dj5gzc6hh9trugw2ehs9ajsevqffx,yes,46146941119908
pool1j3umdcuxcewcxz98wm3sx5xqwgxx0v7z376xyjfq4jgejpvv8fz,yes,9052735625769
pool1rpfj2y4vddj8azwu9977a63s2cjl374pep98l6dhuqh5u9jctj0,abstain,32400202725755
pool156wg3relgtlhwu55z3wpqurtaprguefe9tzrakhuqyyc60553au,yes,1362430740353
pool147tju4482jtl253lgqq88fkefdugcuhaumf8m0rcj8uzxu846qm,yes,0
pool1w7dk7rn0cflzzfr4fqvjpapn0rkz5ksmerx5tgwpm2gtj2gly97,yes,70027180925069
pool1yh7ksvg54nger73ldnf22cgwyh0dnm4aerahdd0kdukjqeacy32,yes,40467302697451
pool10kya8ug3wr6cwnzm0qdcppjtuwfwmnvusu2uenscz4dg7pl07qv,yes,36345097120911
pool12vs4c3cm0tr49c7alrevfs0xa5g3s4al4fn46h33e69uusat04v,yes,33488292144665
pool16tcjctesjnks0p8sfrlf8f3d3vrp2fdn2msy80sgg3cdjtayu3z,yes,7288451833542
pool10p3g22454ly7eaurlur5wc9d9ual2fnfwy7a6e7k09z3yf929k9,yes,6040858182780
pool12fzerww0hmk0fyvaujz5t2kg6hl4n8daz85rqy5jk8qk58r59y6,yes,322558340113
pool1myvgx4ef424e6nw2strqq7dxcepav52plyyhxrk0avaw7y098l2,yes,47119841057030
pool1k468tmpfxqexnwyf3y7e3syglyxzmuqggmjm3cc4gy3skmm557a,yes,1250853181971
pool13mas2wthxs28zftxskcsd8t87jk2w9ntc0u5uflt45sh7lcvs8h,yes,70193760673889
pool1s7ddsvuw09dvk7et6t842vhdfcmq893y88y3ev9attn67mruf5m,yes,21183289561163
pool13s5faca3kkg6jhqcll8xd9tarur3zkhalyuu92d5g87zyj4wrrc,yes,35015913356827
pool10zyf32q3w3n9x940j6yqgkwuegzn77p94wcmpku6gvmrqw8a97d,yes,59812241210566
pool1udkx9rmgzf08z7zz4p7ykpdqsdv5nf0w8uf38wrsdn5dzk9nq4g,yes,5855339562776
pool15fxktqvd92sq8plh3rjdrksumt9p8rzsayfk4akv2hng5r8ukha,yes,1390057676610
pool1258yqnsegc3k7raqcdkxu4893aqexxljflmg9g96yfha2qytayv,yes,731373918464
pool1rxgxstg6t7azlsrk4vuuwp0jgl9e776dg86zqzaa0qt6vz43n9r,yes,5817292818493
pool1qq76dtlr0m9g6xlvngzq550j86cgtslphyjffz3pgpn7wazatdc,yes,247872640188
pool1g0nq3m3fnvd245k4favcvutn09vce0yshg535f68d2xa54vy0cc,yes,11230393860857
pool1kccqxg032r6dcqqpvmv87azttcug5ug6cur9pa7qkuwc5ze4pxa,yes,1128987938858
pool127xwsah7jllutuhen8vl7sve5278h7hhxtnys3cl438dyhuwgjg,yes,2674928329430
pool1xlst0jw9safmz3c8m56zvl4m65y306dcp48hdks8ursmsz2awm2,yes,17492846337
pool1ye4zrxf0w7d7drq5wmat36dlzq270dxy9rhgcwufnaja644vwr9,yes,9139211721
pool1gxvkc0576e75065p5k0csvwme9y2qrefd5ga66nx0z65xxjt8jk,yes,2971625109453
pool1pmrgd8snhv0nnj97xcg70nqqhg0v9g3d0e93jl8vn23wxtsxz53,yes,3307594314222
pool1ar6nsa2uzng70uf8fdrttu5jhgxzgu2f4za8h845zr435nfcruw,yes,14954606576468
pool1ysf2cvvju686v9uu5w5yel9ssznsqln633y43hyu93xhyghspxs,yes,33420204358
pool149d5lzg7m6susau4f4yfdztgkty34qrcdpvd3ygsetmljgxxf8g,yes,23410142448746
pool1dgmuwu0txducah4pes4e2avlcv98wedml33kdz7ujtrrxk8xv9y,yes,415544790331
pool1qqqqqdk4zhsjuxxd8jyvwncf5eucfskz0xjjj64fdmlgj735lr9,yes,66346495771509
pool1pyegru75d64xgg4jh83904nst8fs8qz6mvtxquatv44rkartevc,yes,5034554838323
pool1nwt6mxqus3tpzrshky5h5kykz9rjpxmacrvw0z6yak9uk5p5045,yes,22862700047346
pool1u2fuz3fn5dfphf0cu0sewm4rnera445avenggle9sl4hy7rjzgv,yes,44864407142152
pool1a2gt2mvuf5zvtqlvw2xgks2efze3p4r985ft62q64lua7gx7lal,yes,7017218688155
pool1rvng7n968748udkc5rxy4h9zp9hms4s3jsfwuues76ft28uc056,yes,63925849584005
pool1ht35ft8az9k9u7gnc2yut7usj96he5mqngthunyf2kmnsl2kmed,yes,0
pool1s3z5qsg75dar26ykyzcz2u8wc2swgq7pyp7f9sdh5n06qh3jhq2,yes,5793846679648
pool1zkdaju2rjefa52uh6yh6etsxla0x6aqs6p6wm245y5szk7k3msd,yes,3058993261812
pool1ralkckmup253k79hap4chku450qyshezh4sasjqh0ltxu2gytlq,yes,2244879119057
pool1hc8y5s28zah72qsnnky93zxqcqcrvav7hz2l3sdj5gk5znztcty,yes,415235323888
pool19ygh8apuc2qz0u9kr4wj9qj33xhw70n7z286xll0g6ltgccuq42,yes,1191599166540
pool167zl76srpt5a2gthpsq0ye9z4fpray5vsh7xyzcn63hd5mnw7fa,yes,9633471210481
pool1l0pmgdsymmdntuyan4snj88q8nm9axemwefu5ymkuq2s6gr90cn,yes,1007958088372
pool1szy2tdjj8a4av365wk3q2fqg9srllmt0383e6v9p664ng076x9e,yes,4280064970558
pool1xmsdhync6k6grkkj7tuycskjpseykpr24luhlazl5nsngsy87gm,yes,46535122888109
pool12eht6dqxpzqj87xuextrpufz2gxmt4reuesuw26r2utzw0kw906,yes,6635769162163
pool1vxz0deezj5c2950e7arpzfqxzq8zd9kawsullrzjw5rsq0yhxgr,yes,30377317031242
pool1jx4ss2zjage3cw0wht3450328y82yeprmq4fr3e2qtac2rhezkv,yes,25949388747163
pool1nchr83fc0hrykvhlnh64n3wlt5vkdu727xjep59znrwzs589jdd,yes,770476185135
pool1spus7k8cy5qcs82xhw60dwwk2d4vrfs0m5vr2zst04gtq700gjn,yes,12497635457697
pool1wm5quxelvgk8q50jyfznf9asvelp9zf0tk2wu4jazlw9yj4uctw,yes,774707065592
pool16kus5xvdysgmtjp0hhlwt72tsm0yn2zcn0a8wg9emc6c75lxvmc,yes,73785092893951
pool1jpezycd8q3l6a255dv8wt7vpt4aay8llqakdn7vkum5swes4hu3,yes,177361280482
pool18r2y72aue5nmv489xtnfxl36vzusq95qst6urd87yd5hgzms04c,yes,204863534331
pool1x89ssjp53eczthatft9w74749558nsz3pq5jn056634pgt5m58s,yes,237747747829
pool1qqqqrwzy7njvjq9wph7usj5gghm3py9c97688ek8pgc7uem9cfz,yes,7654492830747
pool1jxv3my3c70e8pfr0cgm6esatehey2ml3v0qk8x236aw32eu0fcy,yes,1736773197707
pool1etfar35l4tf6vam3gvqf5dnaq7levz32vgw4p00jzk7q7twg2te,yes,28536571942276
pool1jj2hvts3ryffy5txm7w0am3zt7s7sehdf8rrwfesjmr7shv0mgl,yes,5685482900571
pool1rmpv0h0pecysach8tj06vxx9wku2pdm74mk9cunx759v58q0hu2,yes,78222099486080
pool1g6g2d09le8hd6nv9jhyavewdnw8tu0ndst4lqysd00ru24cav0a,yes,3624506703416
pool1e6rjpsl42hsc52zc9s2awhv2df50yzw43xtc7d0vranpc9ej8uj,yes,176035648047
pool1gtphgrdj8sluxm9e7ca2spcwcq2p0dxj9zf5v0yv3gsagzq704n,yes,58809149200959
pool1rqgf6qd0p3wyf9dxf2w7qcddvgg4vu56l35ez2xqemhqun2gn7y,yes,1110339992695
pool1d42r0zln3kvvc54w4945735gnrm635as8hj8zy38tjprw2l49rd,yes,583541954213
pool1qzlw7den2mlj0fmm65g0fnf46vyhzkhmdaf0f8v3s6skuue6rlk,yes,13600511726667
pool12t3zmafwjqms7cuun86uwc8se4na07r3e5xswe86u37djr5f0lx,yes,66249801812788
pool1fxna0neg0x0zp7c9qkfzh7ygy8vpqj2rmxk4kxpux6smwufveuc,yes,253333297673
pool1uqrecfnsa6pqd2tz60r0lcj4kunhc4rrw8lldrpdvfx9qfjd6n0,yes,3436246827384
pool16e2x06wk8ufyakgrzq0c9p5tmfhl6w0c80raxr0xtg5g7aakhgh,yes,3859420320469
pool1sr953s548fudyhmfm082xp0mensv2gxzt4qpe466ykw0z3jjzvv,yes,5214083450839
pool1zmtm8yef7725p9n7x433m50kvv9xpzjujnny9m5t960g5qm30ua,yes,262838817883
pool12ktz62g9d32nq0cdk9jyyqg6kquj7lnmx776at5h598supql0t2,yes,7569421449571
pool1dcjycc5mvj9svh9ys482078mnqutu48k3zj7uqzswj7m54a7hzr,yes,510560892144
pool1aawkmkg7vg0x0vxaqh4gr0lwp4fekwsqrjduylx0et3tuz9hfn4,yes,505766255455
pool1j276s043qh2knv3ukmap6sra6sk7p5khuetzwx9h43wqydzsx8c,yes,70310650632640
pool17xextu09ghdfcmsq83whq0a45geg83jxe4qt94sevu087tzdzkl,yes,16245578513905
pool1cduc7ut6grhqyavrmm3gzcdf4qfdsjk7vdwcxy9c0r5fyaxh2sq,yes,21192616699043
pool1cn0dqtplwf67fds40hgkf0u5rm4q4azev5qutmgkw5hdyvue2ue,yes,27749844871539
pool14skj6e4rpjanzclx3fc880xnl8xafgg63tmw93t9xspvwx985qu,yes,51138551704217
pool1mh4ng2ldxk4sqfppzu6r4knxrk6e87e9c4wgrred84uy7xauzlh,yes,37918300766144
pool1a2nh3ktswllhwf07fjahpdg5mpqyq7j950pyftq9765r6t4cefl,yes,51309881280692
pool1af7dmzgcyp9kc5lyrtrtpsce58l6j5cjvc8wavkwmzlr53ym50v,yes,2235741266955
pool1qakys0fxx5p2fxcnsc2tyjpqa88q7qgtdh5t3a32hplv6fg25r9,yes,57638338497743
pool18ufrgfgmslekdxnk9v9345qvhrr7vfgzkvneqtwm7unnwaht6ww,yes,74939694596108
pool1xytvsd9qnvqxpthh9p8k85e823trvn3npxeur8kr9zhkqz5uls9,yes,72041072921879
pool18jrsaddmrwtrdycydmk3zv0fxawnv0q8xh7f6fyp2r247zz9tc5,yes,1656638615014
pool1h0524mtazrjnzqh5e4u060jsfk8lpsqqjfpa5gygjwuhqu34wvt,yes,27708038316583
pool1g2y0j7rsv7dpu8p6jt2dva3rxfqjl2zu0ag9dd0cfm8guzg0lh0,yes,4578573836842
pool1z5rt6kn6yvuczj44qla73mfyln9l55lw0jkz6x4kjw00u32zec3,yes,36990989165119
pool1ppznyu6qrvlw9uuqa3tslryjd40nh56jyvmaqw6kdf4kzq3y8kh,yes,42529242500246
pool1azwytj96wpa7hqmj5adks6tpw7rhnwdqpf9hkgyy0mwdxxzxz9w,yes,716538671017
pool1398lzhvtaa0hgz305d2jz4urfkwkkt66yv476wqe6att2f7dphh,yes,22801475399741
pool1qn77pnnf6cf22qjjfd2kadudmdc77rw0uxked3m2arnn2ea2f9v,yes,195600236992
pool1kx0jm9ycs3t99tnwafw6w72jkdlzhj5ltxe2nrzkd9x2u5x343h,yes,7429626662717
pool1w0s8vf9qse980vulgszvusw3800d6dlc7wkusr0aqvzlz75qgqg,yes,3257240278574
pool1wvezktuplgsgwxvccvaw6vyq3l8v3ecupe56apngyjuaw4jxg9u,yes,5709822763
pool19k9grwq9cdswn4k7vxzmwcls24jj3466g4s4xr5vucehcqpslfy,yes,2050575245857
pool106p2jjwuwagq2as7cdzx4y6cyc2pdj7a3h3vv5cvkvnskegff3w,yes,8221845584324
pool1pup39uk3d9hl8vg3v0evn3hxkxygkas0asekng7x9cpx5f2r6d6,yes,442916285
pool18xjkr4xpscwxsatewj9lqc6z74vw90qycjd0wrypeqej673j5u8,yes,5544966872966
pool1eqj3dzpkcklc2r0v8pt8adrhrshq8m4zsev072ga7a52uj5wv5c,yes,17844521871424
pool1j099ctc7kcc9fa78dz5qwsy2g0n96lrgletwxvxmyzh4zd7ck0j,yes,41852401055447
pool1ywpt43nttzjd7883wafg255mh0hmjypwe65ercw6p2sxg5lt7ez,yes,39524868523342
pool1pn36hexudnjg6uwvxc5tld3ay2g6ty99ardzhn7crhkhzshjpte,yes,864816619591
pool1qnrqc7zpwye2r9wtkayh2dryvfqs7unp99f2039duljrsaffq5c,yes,37095366100950
pool1qzlw76zztkg02rywyypyw6s0gtkg2zpkaxhl6cq7eauqg8h9659,yes,4273403097074
pool18hkq2t8ss45h4fkr92f52flhc4mpzedx5mcz4xhnpj0dzp76028,yes,5075006928858
pool1j55hm5wkgcegrpn25nnfl0rgjdje26fhw9uxmgxf8dez2uups3y,yes,29719343972
pool1hw3cgyx7tvxh2fpd46k9sqgruu5pfnzt4nxuyv2w7nlmusutda2,yes,4045144817931
pool1xed948ze4guhrkt9zxjmecjvgkvgf8gd8skkzgtacz6gsyk9m5c,yes,70101918620804
pool143d6z506u6yfufgzrtx8ywcwx3j4s29lxv5tdugcpcwk2l83gck,yes,70022611764661
pool1a9xyvnnfjnujzy0n2mpf4rztdwrssraw5p5f06mqlgn4s06z0nw,yes,364363115179
pool1rkyc3ss904h066sffergss99r9p2kqa4k6ds0g4u5ud4x7yaajd,yes,7421313579765
pool1h6q8jj55dn6727yydlypu0rz4sflf2enxhs0thqydmddgu3shl5,yes,24381422442109
pool1ewrm7y47s9hv6hxku9n5gfnsuspymp0qqpwgvgm9rvm37cek2h6,yes,40660739646394
pool1arsqn9w87wpqlm0sre66gs79dcs0jmwulytgke3vut7u62lttu7,yes,2350797933328
pool18vj02k4taarxxsdr36jxftcc5x270vsysp078j0n3v0njh0dt9x,yes,205765463737
pool18zf8txwv8lmtpq2src8wrhz0pjut5qft8h5tfxnctwc95r7jvvj,yes,17477325085387
pool1lhz4gsk5ezdl5s4mv2kxgrkhzzhad6me2v0xmwuyt845vensdlc,yes,43963772674393
pool1df9rj4n0t3zlpak7xnh4ue6t3yh9zlw7a02w4l8askp77up25rt,yes,4843854222807
pool1u0mc9ywfxl529atxyajuz3pgqnwgnk6w7lejjmjg22ucvn7z9vh,yes,15043333482919
pool1jsala5rdc0hjewcvu9dujcz8jpfxp7hadqr3r3hzs63skhhtpqs,abstain,32397923848816
pool1p8ap6v2k60kkav3hqcchwltxhuwpfw2qtj8txcw4scp76hdvgmc,yes,155327903825
pool1swe9nsv8lzugakjkfv04dn38scmq48wzynmn0lxasupuzmqcgjm,yes,13253617046639
pool1heks0vmxkfka2amg9c8yn8qdsxvgmzelfx6jhpfkj8ht5mn0r2m,yes,29120103805862
pool1vy9qerf9fenp893mqrdm58uj45w3etutv4n0vdh8669uvqenkqr,yes,1735842192384
pool1sj3gnahsms73uxxu43rgwczdw596en7dtsfcqf6297vzgcedquv,yes,154576641974
pool1gntlh2yq89tpsd7kgaeuremj3s60rscqahyl52qzv0x87mt22rq,yes,7080168213161
pool1ksfzungz56vxa9sy6hr54v5hf6qx8rmcu6734gqm3qlxucveed6,yes,333872546384
pool1e7mwu80pmsjqdf8lu7rsfdj5sldashslll0hpj7rhx3w6xpwkq7,yes,186130256601
pool1k633phcvz2hjhj45evwwau4w576jpq83acg5h84w23jauqu56cw,yes,65647540499175
pool136wr0g23dw9daekuyqtgk366vywms6meespgpm3hdguxqczaaug,yes,4013609718120
pool1n7s5kpymwd0zsld8q23tpf7z5esjaqwmnnzzssee5630zpx5ww0,yes,2641886454436
pool1vqq5mg8ccqemjr5ukfa48a767dqjsa7nas8xnpf7huvcz7amlv9,abstain,32382660573692
pool1l2eyll8qvywzjrssyyw2cqymzdn2u88vujsu2lg3ph06zem2ykv,yes,45301743679
pool1xvaagsvl9prlr20hvg2qv434yss5c88r2ml6n43wcpepxmw85lj,yes,488187313032
pool1gas95lqlch5pj5e4lwg78gxlq7km9xfurfd557x4tgwk5kktd04,yes,20874838282966
pool1ferfwtmcjm9rxc00ugtdwrm9m042jf4xjvse6a8u5smxqt0pwnx,yes,627436840637
pool12mmcc4rc2fzfv7gyv8h06nvnsrm3m7erzdv8x6gzvjxlu2lf09n,yes,14389028985108
pool1a600v0jd2z3yajazd80phln3exekumm7g56d9yvlrh6vx8dx2fc,yes,2224269168842
pool1peayemzlkmcwn64c455mx8sxdaztq0xuv9hdxlp0kcsxz57up3z,yes,1728126286454
pool1dxkf7k3qwnpgpxqfye8y9jvk7lver3fk8dq7c4dpzezyyx8cf5c,yes,2791923964383
pool1ft6jvmft8tg3lwzg6wfsprlex3ncuq5cnckwycavqk5q63jhrhv,yes,1134078316102
pool1qhs3cf9ymc2nvmrd2j8cs36cj9jdqgnqk6s9ngyvy2lz5s8rak8,yes,327681276832
pool1jezf7dcx26edfpxmpuh05yen64a9cj44xm2ggsapcxrtqewfek2,yes,1465725265666
pool16ajaae2n5lsyr4f9k9uz5y8tpf0996tw640dzu7chwp2wdrnz6a,yes,74299064238707
pool1fm57fshvdlrgs5pnpk78tnxha0me28equyy96vj0xm85gy5chv0,yes,20077749406755
pool1hntu7agmt8u5j9c20ejen7dvq0jfkvkpnul3mrdd8tppqvwfvt2,yes,32504399430407
pool1wyfau3rlkckr3clr4mkyxn9vdlrkup0fj7uyyflfccmms24gm3a,yes,18155730034414
pool12z39rkzfylvn9wfe8j6x9ucq6g2l4mw4azj70y0gd8ejczznyj3,yes,68180006270181
pool1qgmwcxs8d8qmr0vtvsqd9u8gugrventh5dcqukmu79e2sgfuu8t,yes,13638746264493
pool1xnaxushl47aeha3mr3uwnxcfkvzj0um6c4zxdr064d3y68z646c,yes,546494323807
pool1q0a7a94cfk4ph7gugj636tsuhhd98l2sfjv2adhaff2mvs7kmtl,yes,7909194731649
pool1hwlghkwnjsjk8370qt3dvp23d7urwm36f95fmxcz3np2kghknj9,yes,6136874289916
pool1rvjj8cp3urh7de07pm0ceqha2x4lxws69lhd4429dm6djfjsy4l,yes,26295936578939
pool1qkd5y9azf2xx0gmrj68lrkcn59ldjmnpzd3y2rq3tvjp2vqljan,yes,10626521013654
pool1w8ham64lthvzzxzn5hknq4yrj8xt2nark409s2xmntlwvt4ag3r,yes,39844983011574
pool1ch3k0e07dhqwum847sa02cyecrp000a6egdx89fz5rza230jhlp,yes,2204709070230
pool12m7z9p7jqymxrvvp6z7vmfdu6j6u6y43p0m6y4xalz43sc8s4t9,yes,47528318034757
pool177ukluyy3tq6mphkp7kfpe6ku48rs8x48le7y23quee0xqmal06,abstain,136916230219
pool1d9g45764jtjzagrmy5ndtrx4pua7l9sr4nh08l3mqs43xe6wnh9,yes,6738736443144
pool1r55hyfrd3tw6nzpkvf4rfceh2f04yph92fc462phnd0akp2s5r6,yes,82287699529387
pool1k2qhlrrweu8fecd4hx4hn22lv00nrd3rjdxj6durax7m78q7ynu,yes,35283973023930
pool1evg78egp8gfqae273kvmmdee2dnt6vty60dpwdespg4hujznh3a,yes,24317532450199
pool15r7xg0vrrv2yu8wj3866eap8ftkuxvdk5rjz2lh4xajjq5v3p5d,yes,11052914433778
pool1qdjx5xeeu6288ftmhmdr0c6mazkua7m07cydmr78ymfhz7jj7g4,yes,299096838708
pool1w2duw0lk7lxjpfqjguxvtp0znhaqf8l2yvzcfd72l8fuk0h77gy,yes,416295780332
pool189j5mz6wa0gfrakwvn2tar7qt309qxrmsgde5v6qwm892n6re3v,yes,3264442007578
pool16v0jqnz2zuqsdrf6z94ec5rx9ds0xeghsvmddauzt6j5w2u7lsm,yes,11630053033656
pool1d3gckjrphwytzw2uavgkxskwe08msumzsfj4lxnpcnpks3zjml3,yes,33076882442190
pool1zk6uxgptztrxxamzd0ugrtu84xg8mjymd2xcdvxqazpruqt9r3x,yes,6328650195138
pool10fxpa6wkv0wc6wcmahcnz4wvvfx9m7547sevxrge3nfuv7yh8m0,yes,6042422486210
pool1pfprlfz0ywcnewjegazz05ghgcfkvu40v6edsz6yn8w362sdjr8,yes,31906374626120
pool1uk2f28awascuhrhuwrp7x6y87x8ch33vwx8jtmrysp7l5ngq78j,yes,18463882993358
pool1u7zrgexnxsysctnnwljjjymr70he829fr5n3vefnv80guxr42dv,yes,891668451627
pool1r5srulgd6gpav0sympqrkt9f4ykl06lh9sgk0p20r54v7759kws,yes,690002857752
pool1py2uxkvuj926h42s40wxl26dh0ggaq882v4m0hkd99m86vzmwnz,yes,2515904631711
pool1lfsslc99da8jhj5apzctsnfm76kjc6ndyc6hnynagcj8xexvjsr,abstain,32401299545682
pool1fg42yz0qpu5jd0gd3g5xty4mm6jdxkje8szag8h798nyyxw6zd3,yes,21320162101559
pool15j6hdfel6c6zcr8gu39qgp5xkrs264yn9hm8ynhaydjtxvmznxq,yes,2696935940687
pool1vtpn0drn5t39frknedmqq2jkhsfstwketsnvdm7cjzz674s30v2,yes,38797567923602
pool1llxh8l0h8g9ghz3nrzh7ndvev4x43vnk72nsemzm795vxqs6dp8,yes,14181947996079
pool1qqqq4md2rfdt75qvh3x9cgmkrgkl74ctcj3fnxpu3ylcudl22ex,yes,14540082048117
pool13qdkwy5y88ncr5qpjrh8hgtf94d0zw4wuhgezjg3hvlyyrh37c7,yes,74721529851053
pool1lm89trd8cl36k8njlhgsemavry2jymnhddpvtk7fk7r7g4e3fep,abstain,32410044716235
pool1supp67ypelmgzuzqqvarc6czgmg3ggwpnrnfr90xpfcqqf8h05t,yes,5029863519785
pool1p82vmqednsalje23mpnz9u3qt9ruj79xu83mr6p8t93fw5fcu3y,yes,802564555438
pool1jyutduy73e5u9877uns3k9rm0tf4r24j8lrn4xtkjpl3q5sn5mw,yes,7650846153483
pool1ymfwzsxt35g3gdgp67yr688456km59twr78j05e87y94w04tj9m,yes,504509384153
pool1psk0c2p7pwactw00nkzjexdw0msn7g8nddc06eyvds6yswr3tjg,yes,28935947487484
pool1c3kxs76qj58284f923cx7ed8vw25en3nfghyurv0z9m2g3x9c4j,yes,11078867702682
pool1jdhjfcu34lq88rypdtslzwyf27uh0h3apcr9mjd68zhc69r29fy,yes,20750656335422
pool1f297l6rl99h5v56x48j4pgza70ya3lm37yzu0njpcnsljqdd4dl,yes,234082689390
pool1qc05c76autq4235sq20zu4vjwtl5m0xn4mxq9kg6e66uwz95kd4,yes,35016946317807
pool1nl74emh67vuyt8cgv6gwhjnrctxgrpqlrdzznj4l3lh5j8lj3ah,yes,6576771353595
pool14fjmlppz76667ws3jl5luejf2wgztuhpsftulvh3ucc65anqgve,yes,46132844954075
pool18heqrjtge2emf2hes4mdxkr76y99zztkqk4qtjr9dul0vuur0yu,yes,1436593771561
pool1y53awxsm6cmksp8qht8qfq5f5c69t6mrgrdcresk5y0ecv2yj93,yes,6413633502272
pool1uzla0r73fvpnvxr07m98nfzlxcv3q26mkjz00cqjfh7uqsyjkju,yes,32204021497859
pool1ksye6zwlzaytspldngc3966aj79zkjvmkykydu2txay75c0krfp,yes,268497353
pool16f95up5u5lyqne5mnxmlhe0rgdgmya27mph288r6gw0ukegjffa,yes,1551573208507
pool10x7rsal3ldumkycuc7f7rslx3vc5axhz5jzwngfcg7hd6t2p7sc,abstain,32392188090249
pool1chtam5czevzk2ttctvltpsc8twlwf6zzyh7kj3jkz72gks975sn,yes,11364753059253
pool19zz6frugmvm82ecgl5hh5vq3093d4kzr4h2r5vfmt6la7trk929,yes,34543610389861
pool16c989ahn582z53azjfmregygfuc9k44u3q97wqgyn0zxuzp3dn4,abstain,32402837515774
pool1qzlw72zfwhhc0ptvzdpld06szu39x9mlm6782efy6sluz932fx6,yes,4812876731092
pool1nhhsh9yhlrvj9e3nce0zpx0xm2xlt6tx7gqakhr6hjc8wy84sat,yes,20505016653197
pool1p2ldp00jsl5l9xpg9m77zavhqmw7amtg5nlf0jwudlu2zaq389s,yes,361136835735
pool189lsf6c2upyhmrzddyvyfjxxkqnte9pw8aqx7f4cuf85sjxlm02,yes,62021848631438
pool1wt0pf4u2xktp0f7apveu242w6nkm4ltk3m8g039lvuhwq4zdtf3,yes,61282420639347
pool1elvz3kppg3peep0dcclju3gwf9m37vzyxetuf03we37sqlnsjxr,yes,833235473767
pool15xgej4c7ns20y5pt7dc5vq6yj87ss5sl2ffucmh5j766j90ppur,yes,770532762298
pool17ahr5ygy48vpdfnatqn2z4wfu2te4quapk2yx3k50ce6kd7feg0,yes,52055209904794
pool1j8355yxxpfuhqyda4lrj8c9cdghaang3wvwge8jq8nlxurvfqv7,yes,1075845931850
pool1ddg6t2h9kj6lqlec4ncjs945lzj43m3ggrgdhf5sgzhtygpkznz,yes,68201357000901
pool19f6guwy97mmnxg9dz65rxyj8hq07qxud886hamyu4fgfz7dj9gl,yes,36101309275176
pool18mege8wvzzdvh8cxx6ncnqyvacl4lxukw495c87xmz8qcdl6lj8,yes,1359209375268
pool16pv24th2tzy8k70vk4ms35tff0fjxfm2dd2psk7cvs27wnjvlgh,no,34437619795723
pool126mkma8nv5axltmz7mmg8qz9e70nmhnf58hwx5772fhwgkhk6ag,yes,22939436535200
pool1chzrvd7wzmw8ufsehctn8fmf7ca27xf7d6f5tpreat7kxx6hwf9,yes,1514635495786
pool1w7pt822hfgw30xnkwpjzz0sr5psejksqdcdw4l0ms33lsgynp2e,yes,5558132660048
pool1vce30junxx06g2ha8ww02cqgy644yj69ehhg2x95qe7323zfznp,yes,3794273195422
pool1qetkrhjs9fll3nthuxk6zp0ssanf3rszg5wh8x79mg67gsg7vjv,yes,10470967502980
pool1f8erepj5w5nth5xfxgxnwpz59jzywt6zdwfr50jzjwfwksmg9ek,yes,35345204213558
pool1qaxrj6n50naglqmzj5puq5sd0awgy9wnqmykpwmcah4vzhndpve,yes,887425268607
pool1dy7tz7eyf2qal2jcns4qwm4xqn34gc4rj9dz34kfs6zuju477k7,yes,3873811654649
pool14wk2m2af7y4gk5uzlsmsunn7d9ppldvcxxa5an9r5ywek8330fg,yes,58941478793815
pool17n47upcpnzsdks0yd409nf79sg6hqy73twg87eddwh24uj745rt,yes,275711458702
pool1z7n2ruhmxmv77f6cqhd3wsy6774h2wuay77agxuf2y9mj8q55vw,yes,60095597462690
pool1r6dzsz6ju52hgelstefrrel4y8fsyt8ck9qgfvvmamgns4vh7w4,yes,140191753792
pool1pnzwgsgzd6t4788sfr7dxjyusepyq9xaxnpyfcngewqf29t9ayd,yes,6445377825374
pool1s0cfkzheywsftgwp0yz7sq4rt5gyf7t5kfwj5a269kpxvndjn6q,yes,15974604018004
pool1pj5jnehwjtt4esfl0325hr338n98v3kcww3sggce59ugyf2f883,yes,5054832125550
pool1qqqqx69ztfvd83rtafs3mk4lwanehrglmp2vwkjpaguecs2t4c2,yes,2416201124825
pool1ffrre548h22n68ln29xph3qezrag3z8ad0kg8yzu6epds3qr58k,yes,1842433333408
pool12wpfng6cu7dz38yduaul3ngfm44xhv5xmech68m5fwe4wu77udd,yes,22237642092653
pool1nll5ghr8cdkl6ppnxpuk6c6vrg9d5kq3tp8d6xjdds5pct6pxj9,abstain,32549117501795
pool1gr7jlqk9kmhwuztdwcwf6nyr2teeq9r8h4y62ev0xrrvyvwly64,yes,1967197649321
pool1hjpax8lf2hmct63xxrspe9zzmmywcrzw89yg3nacu0axzy0latu,yes,5293789842051
pool1cmaafeyy52ppz62jqmsm20c5p8nua7xx95lkkf96ktmqqj3w5td,yes,48095418082606
pool1lugxr82p89qm35spzwccle405t5dfdznhrasyrtr2cyv2vyfud6,yes,810288128080
pool1qpuzf5kcxrmuf6qg2nnu9cs7hj2d6ke3fwz58l7rlefcy50caaa,yes,267246211119
pool15f9qklmaajysmwx9n3rkgc5s2g3rfffz4x8spnedtzdgq43tpe2,yes,8747640811946
pool1qqqyv9pn9typyqwcxqk5ewpxy5p27g5j2ms58hpp2c2kuzs5z77,yes,33891482180340
pool1vxvdypctdecvc2j7xu9y8h2fdxvkpjy2pp8luwg2h6dx5jlv0nk,yes,8975343386896
pool16cdtqyk0fvxzfkhjg3esjcuty4tnlpds5lj0lkmqmwdjyzaj7p8,yes,642693807985
pool158ag8p06qm4apd750ekep6een9cdldqsq434ll2mp0ykgunmguy,yes,719677881550
pool1tcmk6at0dmkytxgq5j4u7fgsx9kytvfu7gz22lrs8hp9ztu7arw,yes,6836243699486
pool154hq0j6u6ydz62mtlu7xaj78mhreyp0zsv2kq7f0qmne2fu4t7y,yes,28101574109469
pool1zt2d9aa8ck62uyy985yny47hr0f6cmf2hnxzke0up0lc7zcp65f,yes,338139251875
pool1aqg8vxzv75zhjzjjd9s20fu6r0xz70yl8lk3teacwy7qyc2p2j7,yes,64790601418885
pool1hsq2jrulgj97tna2femdhsfn2wurkkwt8uk9uvs42h9zs0a783p,yes,24593653618637
pool15s7w4spg5ee7n7rprhs0dq78plw2mhjkpu5v97uvl27gz2way7z,yes,72060875232737
pool135h773klt7djljmyawkh88e8qc457wxqfhc6j9h6y9n4y3sgh7t,yes,13554435495706
pool1gm4mcrf8mytfetsj6ykulrmv4j70y7fhceawgdg2h09t5rtt7cf,yes,1879061944313
pool1z9m2kxeat06t30yf6ar7sqpert0cjdgxzcv2dv36dcwcqcqtgk4,yes,66590077978358
pool1fl20ddkpvnstlx63fal6e3ku46r76nk2s4mqtk5jnyxn2vt7hg6,yes,70075185313781
pool143nv3macakarny2hvg67gg00q5j2kdg6yfvcmefqmea3vnj0nex,yes,6685927596
pool12xxugucen5pql0ay70uakgqjaxpwfj6c9py8euyu4q3p23s0fyg,abstain,32412464097296
pool1ell3xjtspzzz4vtsatscan6rheltf7j3hh2s8qsam2h3jvcxzm9,yes,63973468976460
pool16e43yxx4djcvnsunwgrm8tnph0ljrt3p9tnezu3qvtcwzh4zwwa,yes,70025895125748
pool15cy4p3axu0m6sfrmxsp46z5cevx3ruksfwjl48730cgx24j4ydz,yes,41586245594849
pool14n77mmxh6a2d9k05jamzdwsws2ayvkyje8uc7led958p63at3aj,yes,4080608561207
pool16rahfu936wdfq34wf6t8rqxvdjxayra5f7y80xq0udnqglrqel9,yes,6088762679820
pool1tnymyv08dl3k9wyfz040vq626542ztm60wwyu7szwl5l6x9h3vl,yes,311280761765
pool1yvf4nxph69ztm0tgj73ummxq45kfjhecyad26e3xc2002xgzalg,yes,34678134884270
pool1j6zqawj6f58lp4p00t26eqe58gxx4pa3cudlzpkv23y92nlxjzd,yes,21877630403793
pool1q5sspejl875flc0z6wh9y9zxkgqnk0y3aaw8jc0pkxs6cpavm4q,yes,489561212556
pool19pyfv4xnln8x4l7auw0n0skk3hd97shun707hrw5d4s553ys74x,yes,40574971446233
pool1rjxdqghfjw5rv6lxg8qhedkechvfgnsqhl8rrzwck9g45n43yql,yes,24628063721966
pool19hrn8me383w9atvmjwukjxqsdvr8udpmyxau956hdc53x669j8p,yes,62548553191494
pool1grgycym8cf0xmgjjr7gx7udmkpu93hqaygysy5myx6ghx8dvl5r,yes,18604928225210
pool1pu5jlj4q9w9jlxeu370a3c9myx47md5j5m2str0naunn2q3lkdy,yes,6459561186677
pool1qqqqpanw9zc0rzh0yp247nzf2s35uvnsm7aaesfl2nnejaev0uc,yes,59693887916475
pool1xftlxx9slpz59thcgtwgdj3k9e0ntn3p4qnmzs3r84dkx0hccjc,yes,25483031856026
pool1my7sevxtc4dfvj626q0ujqqukntfa2v0uuydq6wd8x8hvml03rn,yes,189808466994
pool1ng3vqzrhn3z45yjdscv3q37n26g2pj3vp99rfkgv6225y8lqg8j,yes,37231691805911
pool1n2yp66zk6m33sg8k20hsvmk9tw7xeeswzdcfxhnx9hm9jkxv5k4,yes,4685535145132
pool153sc4fct34a680nyfj4084w8dpax6c0zt0js8zqvg3sj7wtk486,yes,13539990394307
pool18rhzlrv83a7ygj7cp5uv8dx07qkn5drhe8nh6f3qvhv66xcyj2m,yes,37570081568762
pool1tdvqgy6mq7lx7d345e276xmgmhh3s4zj8dzu6xzq5m7rx4tzkg2,yes,57814728049836
pool1xxvcz8dem4xufzn74v2y7fs709mfw3tpq963thzg5en5jrkv67a,yes,342582909673
pool17taqml487n9t4r9a6ppvf9qv0qlw2lu4zcrzwfdsfcv6xp7uqym,yes,20809555613777
pool138m7hevnvp664cmtralju857t5k7e4frpnaevtgpuykggr50kne,yes,39127985474983
pool19w5khsnmu27au0kprw0kjm8jr7knneysj7lfkqvnu66hyz0jxsx,yes,63642878360682
pool1vh4y864hcq2r66ak37w4dsnkhnsfxaaacs0p5s4vj5676m6txwm,yes,13386292446979
pool1a6ysvnx24xsjh2f6ehgmx7yu9q45fd7lsk88v2swxkek7pkxtgp,yes,9976988311495
pool1keasvddt9vndl8jyhg204s6kqusv5zgzg3kk3l3g949ew402ahe,yes,381268744398
pool1tmt8thfaqeqv499l3s7k5kl64s84nycvnx55ll3ksm9hq50p0ks,yes,63162331075285
pool1w6l6rvhxtym5psec3mvgrjlg28d6hrv8g9jjexadzmxfgndfg2f,yes,45063054674171
pool1jqnywskl2n92fx65thtew8zlj3vqfrqxz7zyj70tt7d3qmn0m9t,abstain,31175907807934
pool1z5uqdk7dzdxaae5633fqfcu2eqzy3a3rgtuvy087fdld7yws0xt,yes,70351892542770
pool1eaeynp2hs06v4x8q65jfm2xqcd3dc80rv220gmxvwg8m5sd6e7a,yes,41541693347634
pool107attaqquuq5ne2ch0hx0qcnlkzzr2683s4gml4ywnqvgj6pak9,yes,220198982574
pool127jufnlxk4n6he84qjf8ppzmxs9sjnqlhulnuzsk0uc0whtl9sn,yes,33587542064
pool12f2r9xf4wvht030xwjhpjvy5yptr275qr2qcydnx57jkxyfzz2w,yes,509288573957
pool152ns2rs77pscm3mtmnymhwsvq8uglcdc3cvucvsc4jkds5k4te5,yes,820817056527
pool1khyv2zj3asyhz76a4r2ky42sdxn3gqu3lcyw3sj74trmwhlc5ud,yes,818700665950
pool1z46azf72z9yjlq6rpngwn5syg5xup8jcwguu2t259ngl5cnv2ds,abstain,37026844843
pool1v62c7d92xv6gyh4x9rhfpkwzlpw2ypxk92xvzavakg3xypatklv,yes,70716369302574
pool1pp7tn2w6ken4rpfcjwcdup3g4m5gcdhc9lgvrm3mnxz5stmrhq2,yes,41763743705052
pool1c7jrfce3zxkk9s9enzpvwj8fuayvx3pdzc2k2es6mrw6gsfcjep,yes,61133747700752
pool1vphx7ph5rayjxuuqmwqhlw32pl3m6lstcr5jz0ecajdc528fjdt,yes,11229059458483
pool16erldmmx5nvrwncujtp6lxs9tmvgxcpthd600pe6axm5z3p6522,yes,76853578076
pool13pt7us94nw782t5v4d89sz8zqn8hcn8r8r7hhph5mvxvvp3c76v,yes,12893481768825
pool1qzlw756y0z6ehg9jkerrfrydr7qlvzl5pgset33h3h2akst593a,yes,6255593612233
pool1lfnlxfxxwvjadesxzm4c7grgs3elj70vfdnpjwjmg0ufsqnq52t,yes,29358888303504
pool1egunxfppwtglyu3t864uq76y0zu05s7pjda3e9g95nwlwc5ye2h,yes,2881465925923
pool104z3yr7faqhck6wcsczhmqrrpdeparcr8juw8unxy8tm6xp447d,yes,70034495958343
pool16jefdagcsgzyek9jytzfezx5ajvfkytjgghaps64hzz6uzkpc0e,yes,5858342774229
